network_provider_id,network_provider,
1,China Networks Inter-Exchange,
2,Otecel S.A.,
3,None,
4,Free SAS,
5,Telecom Italia S.p.A.,
6,AS Number for CHINANET jiangsu province backbone,
7,Shenzhen Tencent Computer Systems Company Limited,
8,1&1 Internet SE,
9,Jin-rong Street,
10,Guangdong Mobile Communication Co.Ltd.,
11,China Telecom (Group),
12,CHINA UNICOM China169 Backbone,
13,DigitalOcean,
14,Microsoft Corporation,
15,Converge ICT Solutions Inc.,
16,Beijing Baidu Netcom Science and Technology Co.,
17,Hoshin Multimedia Center Inc.,
18,Bharti Airtel Telemedia Services,
19,Comcast Cable Communications,
20,myLoc managed IT AG,
21,NForce Entertainment B.V.,
22,Linode,
23,DG-NET SA,
24,CHINANET Guangdong province Shenzhen MAN network,
25, None,
26,OVH SAS,
27,TELEFONICA BRASIL S.A,
28,Science Production Company Trifle Ltd.,
29,Kerala Communicators Cable Limited,
30,MEO - SERVICOS DE COMUNICACOES E MULTIMEDIA S.A.,
31,UAB Host Baltic,
32,GoDaddy.com,
33,Rogers Communications Canada Inc.,
34,POWER LINE DATACENTER,
35,Telmex Colombia S.A.,
36,UKFAST.NET LIMITED,
37,WorldStream B.V.,
38,LLEIDA WIFI NETWORKS SL,
39,Telmex Chile Internet S.A.,
40,The Communication Authoity of Thailand,
41,Network Access Provider and,
42,CAT Telecom Public Company Limited,
43,Inter Connects Inc,
44,Conectel Telecomunicacoes e Informatica Ltda ME,
45,ONLINE S.A.S.,
46,PT Telekomunikasi Indonesia,
47,Charter Communications Inc,
48,Rajamangala University of Technology Srivijaya,
49,LG DACOM Corporation,
50,Internode Pty Ltd,
51,Beijing Kingsoft Cloud Internet Technology ,
52,Alibaba (US) Technology Co.,
53,Sibirskie Seti Ltd.,
54,IT7 Networks Inc,
55,Viettel Group,
56,Korea Telecom,
57,HKT Limited,
58,FULLSHOP SRL,
59,KaspNet Ltd.,
60,MTN SA,
61,COLT Technology Services Group Limited,
62,National Internet Backbone,
63,Telgua,
64,Hurricane Electric LLC,
65,Telefonica de Argentina,
66,Shanghai Blue Cloud Technology Co,
67,Tele Asia Limited,
68,China Unicom Beijing Province Network,
69,JSC Avantel,
70,31173 Services AB,
71,Zwiebelfreunde e.V.,
72,SURFnet bv,
73,SPRINT S.A.,
74,FranTech Solutions,
75,Joshua Peter McQuistan,
76,Emerald Onion,
77,netcup GmbH,
78,IP-Only Networks AB,
79,M247 Ltd,
80,Foreningen for digitala fri- och rattigheter,
81,CMC Telecom Infrastructure Company,
82,MAXNET TELECOM,
83,The Calyx Institute,
84,China Unicom Guangzhou network,
85,Egyptian Universities Network (EUN),
86,TOTAL PLAY TELECOMUNICACIONES SA DE CV,
87,Maxtech Broadband Pvt Ltd,
88,Satnet,
89,Brutele SC,
90,Wiland Ltd,
91,Associacao Rede Nacional de Ensino e Pesquisa,
92,Liberty Global B.V.,
93,Data Communication Business Group,
94,JNNET TELECOMUNICACOES EIRELI - EPP,
95,Silva & Silveira Provedor de Internet Ltda,
96,Hrvatski Telekom d.d.,
97,Giganet Internet Szolgaltato Kft,
98,Shivansh Infotech pvt Ltd,
99,HK Broadband Network Ltd.,
100,Frontier Communications of America,
101,Google LLC,
102,Tencent Building,
103,Next Telecomunicacoes do Brasil LTDA,
104,Telecom Argentina S.A.,
105,CTC. CORP S.A. (TELEFONICA EMPRESAS),
106,Brasilnet Telecomunicacoes Ltda ME,
107,PJSC MegaFon,
108,INFO TELECOM INTERNET LTDA,
109,UltraNET Ltd,
110,RouteLabel V.O.F.,
111,Telecom Algeria,
112,MUSTANET PROVEDOR DE INTERNET EIRELI,
113,CHINANET Sichuan province Chengdu MAN network,
114,Atria Convergence Technologies pvt ltd,
115,RailTel Corporation of India Ltd. Internet Service Provider New Delhi,
116,China UnicomIP network China169 Guangdong province,
117,MTS PJSC,
118,Syrian Telecom,
119,Aruba S.p.A.,
120,Instituto Politecnico Nacional,
121,PJSC Rostelecom,
122,Compania Dominicana de Telefonos,
123,ColoCrossing,
124,Office National des Postes et Telecommunications ONPT (Maroc Telecom) / IAM,
125,COPREL TELECOM LTDA,
126,Vodafone Italia S.p.A.,
127,TM Net,
128,Witel Srl,
129,QuadraNet Enterprises LLC,
130,Agence Tunisienne dInternet,
131,ChiZhou,
132,HGC Global Communications Limited,
133,Hong Kong Broadband Network Ltd.,
134,Cincinnati Bell Telephone Company LLC,
135,FOP Khalik Andrey Volodumurovuch,
136,MobileOne Ltd. Mobile/Internet Service Provider Singapore,
137,Techtel LMDS Comunicaciones Interactivas S.A.,
138,Primetel PLC,
139,Com Hem AB,
140,Oracle Corporation,
141,EVOLUNET PROVEDORA DE INTERNET LTDA PE,
142,Telstra Corporation Ltd,
143,Netfi servicos de comunicacoes ltda epp,
144,PP Merezha,
145,VNPT Corp,
146,Telefonica del Sur S.A.,
147,CLARO S.A.,
148,Deutsche Telekom AG,
149,Microplex PTY LTD,
150,Emirates Telecommunications Corporation,
151,JSC ER-Telecom Holding,
152,RCN,
153,ShenZhen Topway Video Communication Co. Ltd,
154,MCI Communications Services d/b/a Verizon Business,
155,Cable Onda,
156,Telenor Norge AS,
157,Bredband2 AB,
158,OOO Modern Communication Systems,
159,Orange S.A.,
160,Cogent Communications,
161,Shanghai Mobile Communications Co.,
162,TELUS Communications Inc.,
163, China Telecommunications Corporation,
164,Serverius Holding B.V.,
165,EPM Telecomunicaciones S.A. E.S.P.,
166,PJSC Vimpelcom,
167,Telemar Norte Leste S.A.,
168,Orange Polska Spolka Akcyjna,
169,Hadara Technologies Private Shareholding Company,
170,ERA LLC,
171,Fastweb SpA,
172,Uzbektelekom Joint Stock Company,
173,Administracion Nacional de Telecomunicaciones,
174,JasTel Network International Gateway,
175,Uninet S.A. de C.V.,
176,XTRA TELECOM S.A.,
177,Axtel S.A.B. de C.V.,
178,Cablevision Systems Corp.,
179,WTT HK Limited,
180,Rahanet Zanjan Co. (Private Joint-Stock),
181,Linknet-Fastnet ASN,
182,Md. Wahid Murad T/A Anik Computer & Networking,
183,NetCom-R LLC,
184,MTT Connect Ltd.,
185,CHINANET Guangdong province network,
186,China Mobile communications corporation,
187,wds telecom e tecnologia da informacao,
188,NTT PC Communications,
189,Contato Internet EIRELI,
190,SFR SA,
191,CORPORACION NACIONAL DE TELECOMUNICACIONES - CNT EP,
192,Precious netcom pvt ltd,
193,Henan Mobile Communications Co,
194,GlobalConnect A/S,
195,Computer Network Information Center,
196,Jasa Terpadu Telematika (Jasatel),
197,Megacable Comunicaciones de Mexico de C.V.,
198,BIZNET NETWORKS,
199,INDOSAT Internet Network Provider,
200,Superline Telecomunicacoes Ltda,
201,MEDITELECOM,
202,AS INFONET,
203,PRIVATE JOINT STOCK COMPANY DATAGROUP,
204,Servicoop S.A.,
205,Philippine Long Distance Telephone Company,
206,Clouvider Limited,
207,Ethio Telecom,
208,IP Volume inc,
209,Flokinet Ltd,
210,IELO-LIAZO SERVICES SAS,
211,Massachusetts Institute of Technology,
212,Scaling Networks AB,
213,Labitat,
214,Visual Online S.A.,
215,University of Waterloo,
216,NAV COMMUNICATIONS SRL,
217,Parfumuri Femei.com SRL,
218,Telefonica Empresas,
219,PT Netciti Persada,
220,Orange Espagne SA,
221,COLMENA LLC,
222,Contabo GmbH,
223,OPTICAL TECHNOLOGIES S.A.C.,
224,ENTEL CHILE S.A.,
225,ZhengZhou GIANT Computer Network Technology ,
226,Telenet BVBA,
227,TELEFONICA DE ESPANA,
228,The Corporation for Financing & Promoting Technology,
229,Emirates Integrated Telecommunications Company PJSC (EITC-DU),
230,NTT Communications Cloud Infrastructure Services Inc,
231,Sky UK Limited,
232,GMO Internet,
233,CANTV Servicios Venezuela,
234,SIA Tet,
235,AKNET Ltd.,
236,Dade Pardazi Mobinhost Co LTD,
237,WIND TRE S.P.A.,
238,CtrlS Datacenters Ltd.,
239,OOO Red Star,
240,JSC Mediasoft ekspert,
241,Mahanagar Telephone Nigam Limited,
242,DDOSING NETWORK,
243,meerfarbig GmbH & Co. KG,
244,Wananchi Group (Kenya) Limited,
245,Guangdong,
246,Arifuzzaman Auni t/a BAS Network,
247,Vietel - CHT Compamy Ltd,
248,Shaw Communications Inc.,
249,Robert Michael Span,
250,GMO-Z com NetDesign Holdings Co.,
251,PT Parsaoran Global Datatrans,
252,Vortex Netsol Private Limited,
253,VODAFONE ESPANA S.A.U.,
254,COLOMBIA TELECOMUNICACIONES S.A. ESP,
255,A3 Sverige AB,
256,PROCONO S.A.,
257,Partner Communications Ltd.,
258,Lanet Network Ltd,
259,Cable Bahamas,
260,Intersvyaz-2 JSC,
261,Linknet ASN,
262,Association of users of Ukrainian Research & Academic Network URAN,
263,CERNET2 IX at University of Electronic Science and Technology of China,
264,Charter Communications,
265,Alestra de R.L. de C.V.,
266,Rainbow communications India Pvt Ltd,
267,Tata Teleservices ISP AS,
268,REDES DEL OESTE S.A,
269,Beijing Guanghuan Xinwang Digital,
270,Ltd Intellect net,
271,CS LOXINFO PUBLIC COMPANY LIMITED,
272,TV AZTECA SUCURSAL COLOMBIA,
273,NSS S.A.,
274,Cogeco Peer 1,
275,BHARTI Airtel Ltd.,
276,America-NET Ltda.,
277,TASCOM TELECOMUNICACOES LTDA,
278,JSC RTComm.RU,
279,Shandong Mobile Communication Company Limited,
280,PERN AS Content Servie Provider Islamabad Pakistan,
281,RamNode LLC,
282,RCS & RDS SA,
283,ARABIAN INTERNET & COMMUNICATIONS SERVICES CO.LTD,
284,Next Online Limited.,
285,Entel S.A. - EntelNet,
286,Net By Net Holding LLC,
287,MCNC,
288,Amazon.com,
289,HeiLongJiang Mobile Communication Company Limited,
290,China Unicom Shanghai network,
291,raagav communications pvt ltd,
292,Brasil Telecom S/A - Filial Distrito Federal,
293,Telecentro S.A.,
294,TIME dotCom Berhad,
295,Sai Prasad Intenet Services Pvt Ltd,
296,Telconet S.A,
297,Republican Unitary Telecommunication Enterprise Beltelecom,
298,Magyar Telekom plc.,
299,China Unicom IP network,
300,Layer3 Limited,
301,Livenet Sp. z o.o.,
302,Aruba SAS,
303,CloudVPS B.V.,
304,SpectraIP B.V.,
305,Universidad Nacional de Buenos Aires,
306,CERNET2 IX at Tsinghua University,
307,Oriental Cable Network Co.,
308,TATA Communications formerly VSNL is Leading ISP,
309,College of St. Scholastica,
310,AT&T Services,
311,Kyivstar PJSC,
312,A1 Bulgaria EAD,
313,1&1 Versatel Deutschland GmbH,
314,Rimex Ltd.,
315,Companhia de Telecomunicacoes de Macau SARL,
316,ServeTheWorld AS,
317,B2 Net Solutions Inc.,
318,Aqua Ray SAS,
319,Zencurity ApS,
320,AVAST Software s.r.o.,
321,Kyivski Telekomunikatsiyni Merezhi LLC,
322,T-2,
323,Bahnhof AB,
324,Satnet LTD,
325,Taiwan Infrastructure Network Technologie,
326,Digital United Inc.,
327,SaiGon Tourist cable Televition Company,
328,Sunwire Inc.,
329,PE Kuznetsova Viktoria Viktorovna,
330,NxtGen Datacenter & Cloud Technologies Pvt. Ltd.,
331,Mega Cable de C.V.,
332,Vox Telecom Ltd,
333,Telia Company AB,
334,Cox Communications Inc.,
335,Corporacion de Internet,
336,StackPath LLC,
337,TBC,
338,CONTENT DELIVERY NETWORK LTD,
339,RusLan Telecom Ltd,
340,Adamo Telecom Iberia S.A.,
341,Level 3 Parent,
342,VisualViet Company Limited,
343,Binariang Berhad,
344,Limited liability company Mail.Ru,
345,Vodacom Business Africa (Nigeria) Limited,
346,Beijing Cloud-Ark Technology Co.,
347,ZAO TRANSITEC,
348,Silver Star Communications,
349,Atria Convergence Technologies Pvt. Ltd.Broadband Internet Service Provider INDIA,
350,Symphony Communication (Thailand) PCL.,
351,AS Number for Interdomain Routing,
352,Fuzhou,
353,Hong Kong Telecom Global Data Centre,
354,Hetzner Online GmbH,
355,Iran Telecommunication Company PJS,
356,CONSORTIUM APPS LTD,
357,ALGAR TELECOM S/A,
358,SMART TELECOMUNICACOES E SERVICOS EIRELLI EPP,
359,Closed Joint Stock Company TransTeleCom,
360,ropa GmbH & Co. KG,
361,LLC Nauka-Svyaz,
362,Cable & Wireless Panama,
363,TOT Public Company Limited,
364,Hathway IP Over Cable Internet,
365,Universitas Sebelas Maret,
366,MULTACOM CORPORATION,
367,Shenzhen Qianhai bird cloud computing Co. Ltd.,
368,KNS DE PINHO TELECOMUNICACOES,
369,JSC Kazakhtelecom,
370,DXTL Tseung Kwan O Service,
371,T-Mobile Czech Republic a.s.,
372,zColo,
373,Osirnet Info Telecom Ltda.,
374,ANDRE PEREIRA DA COSTA,
375,Turk Telekomunikasyon Anonim Sirketi,
376,PT Remala Abadi,
377,Benemerita Universidad Autonoma de Puebla,
378,WideOpenWest Finance LLC,
379,Honar Rayaneh Pooya Andisheh PJSC,
380,TELEFONARNET TELECOMUNICACOES EIRELI,
381,Simply Transit Ltd,
382,CHINANET Hubei province network,
383,China Tietong Telecommunication Corporation,
384,NOS COMUNICACOES,
385,Daisy Communications Ltd,
386,British Telecommunications PLC,
387,RailTel Corporation of India Ltd New Delhi,
388,MARVITEL TELECOM,
389,Universitas Negeri Semarang,
390,Global Frag Networks,
391,Vodafone Idea Ltd,
392,SingNet,
393,Wuhu,
394,Telfly Technology Limited,
395,Alphalink SASU,
396,Realtel Network Services Pvt Ltd,
397,Telium Telecomunicacoes Ltda,
398,Digital Energy Technologies Ltd.,
399,GPS SANJUAN SRL.,
400,PT. Awan Kilat Semesta,
532,Parvaresh Dadeha Co. Private Joint Stock,
401,UCloud (HK) Holdings Group Limited,
402,Anchnet Asia Limited,
403,PT. Sakti Putra Mandiri,
404,BIGLOBE Inc.,
405,PT Indonesia Comnets Plus,
406,Sebastian Souto (SSSERVICIOS),
407,Vietnam Online Network Solution Joint Stock Compnay,
408,Telia Norge AS,
409,Megalink Servicos Ltda,
410,Cable ISP in India,
411,Cable Tica,
412,TM Net Internet Service Provider,
413,OMNILANCE LTD,
414,Outremer Telecom,
415,Alliance Broadband Services Pvt. Ltd.,
416,LLC TEXNOPROSISTEM,
417,CPS,
418,The Net,
419,Winux Communications Pvt. Ltd.,
420,Krypt Technologies,
421,Skyriver Communications,
422,Sercomtel Participacoes S.A.,
423,San Juan Cable,
424,PT.Infokom Elektrindo,
425,China Unicom,
426,Tim Celular S.A.,
427,Nerim SAS,
428,Velcom UE,
429,Gtd Internet S.A.,
430,Apollo Online Services Pvt ltd,
431,Viet Solutions Services Trading Company Limited,
432,Netmagic Datacenter Mumbai,
433,SAKURA Internet Inc.,
434,VEONE,
435,ESTRO WEB SERVICES PRIVATE LIMITED,
436,GEOCITY NETWORK SOLUTIONS PVT LTD,
437,CHINANET SiChuan Telecom Internet Data Center,
438,Saudi Telecom Company JSC,
439,Shinjiru Technology Sdn Bhd,
440,Instituto Costarricense de Electricidad y Telecom.,
441,SOCIEDAD DE SERVICIOS TECNOLOGICOS Y TELECOMUNICACIONES TELCONOR LTDA.,
442,JSC Zap-Sib TransTeleCom Novosibirsk,
443,FP Telecomiunicacoes Ltda,
444,Cloud Computing Corporation,
445,China Mobile Communicaitons Corporation,
446,Softbank BB Corp.,
447,TE-AS,
448,City Network Hosting AB,
449,ITSOFT LLC,
450,Flex Ltd.,
451,PT iForte Global Internet,
452,CHINANET Guangdong province Dongguan MAN network,
453,2D TELECOM LTDA - ME,
454,Telkom SA Ltd.,
455,Internet Solutions,
456,Beijing Founder Broadband Network Technology Co,
457,Unified Layer,
458,Telia Lietuva AB,
459,MHNET TELECOM,
460,Network Access Provider and Internet Service Provider,
461,Safaricom Limited,
462,New Star Max,
463,Novotelecom Ltd,
464,JULIANA N CORDEIRO DE LIMA SERVICOS DE COMUNICACO,
465,CITIC Telecom International CPC Limited,
466,FLASH NET TELECOMUNICACOES LTDA - ME,
467,Red de Interconexion Universitaria,
468,Adam Siemieniako Projectpol,
469,GIGANET,
470,Seven Star Internet Service Provider,
471,PT. Cyberindo Aditama,
472,Eastern Telecoms Phils.,
473,HK Kwaifong Group Limited,
474,CloudAfrica Hosting (PTY) LTD,
475,Tiger Network Limited,
476,DISKOMINFO TANGERANG SELATAN,
477,Fusion Wireless (PTY) LTD t/a SonicWireless Solutions,
478,Beijing Xiaoju Science and Technology Co.,
479,TOPWAY GLOBAL LIMITED,
480,Noyan Abr Arvan Co. ( Private Joint Stock),
481,GLOBALCONNECT AS,
482,Ellada Projects B.V. trading as Netrouting,
483,TPG Telecom Limited,
484,TELEFONICA CHILE S.A.,
485,Telecel S.A.,
486,Liquid Telecommunications South Africa (Pty) Ltd,
487,LUMOS Networks,
488,Sistema Oeste de Servicos LTDA,
489,PT Cyberindo Aditama,
490,Ghana Government (Ministry of Communications),
491,Web Africa Networks (Pty) Ltd,
492,Khetan Cable Network Pvt. Limited,
493,G6 TELECOM,
494,Universitas Terbuka,
495,So-net Entertainment Corporation,
496,Mauritius Telecom Ltd,
497,Unifique Telecomunicacoes Ltda,
498,Shree Omkar Infocom Pvt Ltd,
499,BRASIL DIGITAL SERVICOS DE INFORMATICA E COMERCIO,
500,AxtelB. de C.V.,
501,AzFiberNet Ltd.,
502,Vodafone Qatar Q.S.C.,
503,Vodafone Kabel Deutschland GmbH,
504,Long Van System Solution JSC,
505,Sri Lanka Telecom Internet,
506,YOU Broadband & Cable India Ltd.,
507,Tata Teleservices Maharashtra Ltd,
508,Euskaltel S.A.,
509,PT BINA INFORMATIKA SOLUSI,
510,Tiscali Italia S.P.A.,
511,Vietnam Posts and Telecommunications (VNPT),
512,Yunify Technologies Inc.,
513,Corporacion Telemic C.A.,
514,R Cable y Telecomunicaciones Galicia,
515,PT. NAP Info Lintas Nusa,
516,Net Onze Provedor de Acesso a Internet Eireli,
517,ReignICT,
518,ETB - Colombia,
519,PT. Inet Global Indo,
520,Shah Infinite Solutions Pvt. Ltd.,
521,EstNOC OY,
522,NTT Communications Corporation,
523,Ooredoo Q.S.C.,
524,Global-Gateway Internet,
525,Media Commerce Partners S.A,
526,A1 Hrvatska d.o.o.,
527,COTAS LTDA.,
528,Liquid Telecommunications Ltd,
529,Hot-Net internet services Ltd.,
530,CHINANET Jiangx provinceIDC network,
531,JCWIFI.COM,
533,Annarsy SRL,
534,DGN TEKNOLOJI A.S.,
535,Palestine Telecommunications Company (PALTEL),
536,SoftLayer Technologies Inc.,
537,China Unicom Shenzen network,
538,T-Mobile Thuis BV,
539,Royal Green Online Ltd. Internet Service Provider Dhaka,
540,PibulSongkramRajabhat University,
541,TELE2,
542,FNE-Finland Ltd,
543,RadioMovil Dipsa de C.V.,
544,Rondotech Telecom,
545,Magticom Ltd.,
546,ZAM LTDA.,
547,CenturyLink Communications,
548,Nowatel Sp. z o.o.,
549,Reti Telematiche Italiane S.p.A. (Retelit S.p.A.),
550,Clean Net Telecom Ltda,
551,No.293 Wanbao Avenue,
552,Pakistan Telecom Company Limited,
553,COMCEL GUATEMALA S.A.,
554,FOXLINK - INTERNET E ACESSORIOS LTDA,
555,Las Vegas NV Datacenter,
556,KPN B.V.,
557,SONATEL-AS Autonomous System,
558,Netnam Company,
559,home.pl S.A.,
560,Cherryland Services Inc,
561,ISP/IXP IN CAMBODIA WITH THE BEST VERVICE IN THERE.,
562,Teletime Ltd.,
563,Mobinet LLC. AS Mobinet Internet Service Provider,
564,Infocom ltd,
565,HOSTKEY B.V.,
566,TELEFONICA VENEZOLANA C.A.,
567,Hangzhou Alibaba Advertising Co.,
568,ESCOM Ltd. - Haskovo,
569,ASNet Informatica e Internet Ltda,
570,VPSVILLE LLC,
571,Awaser Oman LLC,
572,anyNode,
573,EMPRESAS MUNICIPALES DE CALI E.I.C.E. E.S.P.,
574,Bharti Airtel Ltd. AS for GPRS Service,
575,Information and Communication Technology Agency of Sri Lanka,
576,Orange Tunisie,
577,Kia Motors America,
578,Reliance Jio Infocomm Limited,
579,Knet ComunicacionesL.,
580,WorldLink Communications Pvt Ltd,
581,Pooya Parto Qeshm Cooperative Company,
582,TELEKOM ROMANIA COMMUNICATION S.A,
583,Zambia Research and Education Network (ZAMREN),
584,PT Axarva Media Teknologi,
585,Scancom Limited,
586,SBN-IIG/AWN-IIG transit provider,
587,PT Visionet Data Internasional,
588,Netcom LLC,
589,Videotron Telecom Ltee,
590,Websupport s.r.o.,
591,IPAX OG,
592,Leaseweb USA,
593,Hosting Services,
594,Obenetwork AB,
595,Specialized Bulletin Board Systems,
596,DataCity,
597,CMPak Limited,
598,DataShack LC,
599,Bell Teleservices India Pvt Ltd. ISP having own OFC network in Bangalore India,
600,MetroNet Bangladesh Limited Fiber Optic BasedMetropolitan Data,
601,Kar-Tel LLC,
602,Interserver Inc,
603,CHINA UNICOMIndustrialInternet Backbone,
604,Operbes de C.V.,
605,SATLINK TELECOM LTDA,
606,shanghai science and technology network communication limited company,
607,VODAFONE ONO,
608,INEA S.A.,
609,aracagynet eireli,
610,Chongqing Telecom,
611,University of Illinois at Chicago,
612,First Colo GmbH,
613,REDE GLOBAL TECNOLOGIA LTDA ME,
614,PT Sumber Data Indonesia,
615,Luis+Office Ltd.,
616,Tecnowireless Telecom Ltda,
617,Faraso Samaneh Pasargad Ltd.,
618,GigsGigsNetwork Services,
619,TVANET TELECOM LTDA,
620,Capitalonline Data Service Co.LTD,
621,PT Pika Media Komunika,
622,Pakistan Telecommunication Company Limited,
623,Allegheny Health Network,
624,Vodafone Ireland Limited,
625,Communication Communications Informatics Ltd.,
626,SBN-ISP/AWN-ISP and SBN-NIX/AWN-NIX,
627,Google Fiber Inc.,
628,Northeast Dataa Network Pvt Ltd,
629,O2 Czech Republic a.s.,
630,Viettel Corporation,
631,ELIMNET INC.,
632,PlusServer GmbH,
633,ANEXIA Internetdienstleistungs GmbH,
634,Tikona Infinet Ltd.,
635,ARENANET TEL COM E SERV EM INF LTDA,
636,Universitas Sriwijaya,
637,GENERAL COMMUNICATION INC.,
638,Trader soft LLC,
639,Domain names registrar REG.RU Ltd,
640,TELLCOM ILETISIM HIZMETLERI A.S.,
641,Net Aki Internet Ltda,
642,Namecheap,
643,Predlink Rede de Telecomuniccoes Ltda,
644,Angani Limited,
645,R. K. INFRATEL LIMITED,
646,24.hk global BGP,
647,edmundo antonio borba da silveira-me,
648,Drik ICT Ltd,
649,Loop Networks Pvt. Ltd.,
650,Smartlink Solutions Pvt. Ltd.,
651,JINHUA ZHEJIANG Province P.R.China.,
652,Radore Veri Merkezi Hizmetleri A.S.,
653,,
654,JSC The First,
655,Gustavo Zanatta e Cia Ltda,
656,cconnect acesso a internet ltda,
657,Telmex Servicios Empresariales S.A.,
658,Syscon Infoway Pvt. Ltd.,
659,ASN for TIANJIN Provincial Net of CT,
660,PT Excelcomindo Pratama,
661,Excellmedia,
662,Vianet Communications Pvt. Ltd.,
663,Networld Provedor e Servicos de Internet Ltda,
664,BRICK TELECOMUNICACOES,
665,SECURED SERVERS LLC,
666,Scientific -Industrial Firm Volz Ltd,
667,AIS Fibre,
668,ADISTA SAS,
669,Serbia BroadBand-Srpske Kablovske mreze d.o.o.,
670,Itace International Limited,
671,IC-VORONEZH,
672,Fort IT Services Ltd,
673,Zimbabwe Online (Private) Ltd.,
674,FOP Zubenko Volodimir Oleksandrovich,
675,Meverywhere sp. z o.o.,
676,IRANET TELECOM,
677,ACORUS NETWORKS SAS,
678,Coextro,
679,Honesty Net Solution (I) Pvt Ltd,
680,VARDAS.LT UAB,
681,Elxer Communications Private Limited,
682,Kenya Education Network,
683,Omnium des Telecom et de lInternet (OTI Telecom),
684,Infortel Telecomunicacoes e Servicos EIRELI - ME,
685,Arkaden Konsult AB,
686,DHL BROADBAND NET P LIMITED,
687,OOO Alfacom,
688,INB Telecom EIRELI - ME,
689,G-Core Labs S.A.,
690,EGIHosting,
691,National WiMAX/IMS environment,
692,NET 360 S.A.R.L,
693,Mandic S.A.,
694,Power Telecomunicacoes Ltda. - ME,
695,America Movil Peru S.A.C.,
696,INDOSATM2ASN,
697,ISOTELCO LTDA,
698,TRUE INTERNET Co.,
699,Information and Communications Technology Authority,
700,Internet Service Provider and Data Center,
701,EOLO S.p.A.,
702,Host Universal Pty Ltd,
703,ipNX Nigeria Limited,
704,SYSTEMA Ltd,
705,Click Telecomunicacoes e Informatica LTDA,
706,JSC Silknet,
707,PCCW Global,
708,AMX Argentina S.A.,
709,Bouygues Telecom SA,
710,Olli Trans,
711,Mastek Infosystems O. Pvt. Ltd.,
712,CELESTE SAS,
713,CHINATELECOM JiangSu YangZhou IDC networkdescr: YangZhouJiangsu Province P.R.China.,
714,Digi Win Infotainment Mumbai Pvt Ltd,
715,Reunicable SAS,
716,CAMTEL,
717,G.W. DA SILVA SERVICOS DE COMUNICACAO MULTIMIDIA -,
718,Claranet Business Applications SASU,
719,Limited Liability Company Relcom Group,
720,AXS Bolivia S. A.,
721,Cloud Temple Tunisia,
722,C.S TAVARES-ME,
723,NEOREDE TELECOMUNICACAO EIRELI - EPP,
724,CIOTEC TELECOM LTDA ME,
725,Jordan Data Communications Company LLC,
726,Beijing ShuJuJia Technology Co.,
727,GRAMEEN COMMUNICATIONS,
728,Link Egypt (Link.NET),
729,COPEL Telecomunicacoes S.A.,
730,D-Vois Broadband Pvt Ltd,
731,IDC TELECOM EIRELLI,
732,M-net Telekommunikations GmbH,
733,Telstra Corporation,
734,Branch of Long Van System Solution JSC - Hanoi,
735,Computadoras y Servicios Especiales SA de CV,
736,Bangalore Broadband Network Pvt Ltd,
737,Dtech Limited,
738,Hybrid Wireless Inc,
739,Telecom Malagasy,
740,DIGI Tavkozlesi es Szolgaltato Kft.,
741,Masco Group LLC,
742,TalkTalk Communications Limited,
743,Yandex.Cloud LLC,
744,VMS.A,
745,Choopa,
746,Balaji Services,
747,ISKON INTERNET d.d. za informatiku i telekomunikacije,
748,Hanoi Telecom Joint Stock Company - HCMC Branch,
749,Center for Information and Communication Technologies of the Republic of Bashkortostan State Unitary Enterprise,
750,Servnet Mexico de C.V.,
751,TVP Format Llc,
752,No.288 Fu-chun Road,
753,Spiderlink Networks Pvt Ltd,
754,Interoute Communications Limited,
755,Software Technology Parks of India-Jaipur,
756,Vogel Solucoes em Telecom e Informatica S/A,
757,Axiom Networks Ltd.,
758,Locaweb Servicos de Internet S/A,
759,CLOUDITALIA TELECOMUNICAZIONI S.P.A.,
760,Freenet LTD,
761,Invitech ISt Services Kft.,
762,DISTRIBUTEL COMMUNICATIONS LTD.,
763,Cyber Internet Services (Pvt) Ltd.,
764,IDC Frontier Inc.,
765,Ratt Internet Kapacitet i Sverige AB,
766,Dialog Axiata PLC.,
767,MEGASVYAZ LLC,
768,OOO Organizational Technological Solutions 2000,
769,Ghana Telecommunications Company Limited,
770,EQUINIX BRASIL SP,
771,NEXTRA TELESERVICES PVT. LTD.,
772,Yug-Telecom-K Ltd.,
773,INFORMATICA BLUEHOSTING LIMITADA,
774,Supercable,
775,WIND HELLAS TELECOMMUNICATIONS SA,
776,DC MATRIX INTERNET S/A,
777,CAT TELECOM Public Company Ltd CAT,
778,Railcom - Commercial Center,
779,Batelco Jordan,
780,NOGUEIRA & DANTAS LTDA,
781,Orange CÃ´te dIvoire,
782,A1 Telekom Austria AG,
783,Bigband Sdn Bhd,
784,HOSTLOCATION LTDA,
785,Fortune Broadband,
786,TELETURBO TELECOM,
787,Jaguar Network SAS,
788,SolarWinds,
789,Tanzania e-Government Agency,
790,OPENCLOUD SpA,
791,Orange Belgium SA,
792,PortTelekom LLC,
793,SPECTRANET LIMITED,
794,ALTICE DOMINICANA S.A.,
795,Link3 Technologies Ltd.,
796,Digicel Jamaica,
797,Juweriyah Networks Private Limited,
798,SmarTone Mobile Communications Ltd,
799,NLS Kazakhstan LLC,
800,Flexiscale Technologies Limited,
801,AZDIGI Corporation,
802,Bemobile Solomon Islands Ltd,
803,Snap Internet Limited,
804,PROLINK TELECOM LTDA - ME,
805,GARS Telecom - Telecommunications Management LLC,
806,Private Layer INC,
807,10 Science Park Road,
808,TATA SKY BROADBAND PRIVATE LIMITED,
809,SITI NETWORKS LIMITED,
810,Smart Broadband,
811,PT Biznet Gio Nusantara,
812,PT. Cemerlang Multimedia,
813,SMART NET INDIA PVT LTD,
814,Mazeda Networks Limited,
815,CS LOXINFO Public Company Limited.,
816,Airnet Broadband,
817,Quadrant Televentures Limited,
818,Jupiter Telecommunications Co.,
819,DATA ZYX SRL,
820,Airtel Networks Limited,
821,COMPLETEL SAS,
822,ISOCEL SA,
823,Vostok Telecom LLC,
824,Trgovsko radiodifuzno drustvo kablovska televizija ROBI DOOEL Stip,
825,GMO-Z.COM PTE. LTD.,
826,Beijing Dian-Xin-Tong Network Technologies Co.,
827,VIET DIGITAL TECHNOLOGY LIABILITY COMPANY,
828,AOFEI DATA INTERNATIONAL COMPANY LIMITED,
829,Nucleo S.A.,
830,Garant-Park-Internet Ltd,
831,Illinois Century Network,
832,Hutchison CP Telecommunications PT,
833,Aerotek Bilisim Sanayi ve Ticaret AS,
834,eNET Inc.,
835,Zenlayer Inc,
836,SEACOM Limited,
837,SkytelecomTransit provider and ISP in Vientiene.,
838,vanoppen.biz LLC,
839,Sonic Telecom LLC,
840,Grande Communications Networks,
841,Cyprus Telecommunications Authority,
842,Istok Ltd.,
843,Linkdotnet-Jordan,
844,Telecommunication Company Vinteleport Ltd.,
845,Andhra Bank,
846,Subisu Cablenet (Pvt) Ltd Baluwatar Kathmandu Nepal,
847,WIRELESS PROFESSIONELE NETWERKE,
848,Subnet Labs LLC,
849,NEXUS Informatica Servicos de Internet e Telecom,
850,UP Telecom,
851,PT. Jupiter Jala Arta,
852,Wisconsin CyberLynk Network,
853,United Telephone Company,
854,ServiHosting Networks S.L.,
855,Ericsson Network Systems,
856,Internet Thailand Company Limited,
857,PT Indonesian Cloud,
858,Unet B.V.,
859,Supernet Limited Transit Autonomous System Number,
860,dragonhispeed,
861,Bluwaves Internet Services India P. Ltd,
862,PE Turon Media,
863,Gamma Telecom Holdings Ltd,
864,8 Floor 96-98 Dao Duy Anh Phu Nhuan HCMC,
865,Broadband ISP FTTH and Cable Service Provider,
866,Globe Telecom Inc.,
867,XP Tecnologia Ltda,
868,SvyazResurs-Kuban,
869,PEMERINTAH PROVINSI KALIMANTAN TENGAH,
870,SGLINKNET RIO TELECOMINICACOES LTDA ME,
871,Inspire Broadband Limited,
872,Dynamic Computing Technology,
873,Ishans Network,
874,LLC Global-City-Net,
875,Ote SA (Hellenic Telecommunications Organisation),
876,TelexAir Telecom Pvt Ltd,
877,United Networks of Ukraine Ltd,
878,Smile Communications Ltd,
879,KORUS Consulting IS Ltd.,
880,WildPark Co,
881,PT. Power Telecom Indonesia,
882,MD Rehanur Rahman t/a M/S FNF Online,
883,ETISALAT MISR,
884,Mobile TeleSystems JLLC,
885,TOV Magnus Limited,
886,AS number for New World Telephone Ltd.,
887,Yunify Technologies (HK) Limited,
888,Ariana Gostar Spadana (PJSC),
889,Hormuud Telecom Somalia INC,
890,One Eight Technologies Private Limited,
891,VEON Armenia CJSC,
892,Sudatel (Sudan Telecom Co. Ltd),
893,K-SYS SA,
894,PT Jala Lintas Media,
895,FSF TECNOLOGIA LTDA ME,
896,Myanmar Unilink Communication Company Limited,
897,Manquehuenet,
898,Aljeel Aljadeed For Technology,
899,EWE TEL GmbH,
900,Connect Communications,
901,aamra networks limited,
902,SINET Cambodias specialist Internet and Telecom Service Provider.,
903,GOLDEN LINK,
904,PT. MEGA ARTHA LINTAS DATA,
905,Afrihost (Pty) Ltd,
906,ISPpro Internet KG,
907,Telemach d.o.o. Sarajevo,
908,VIETTEL CAMEROUN SARL,
909,Nour Communication Co.Ltd - Nournet,
910,DedFiberCo,
911,Xiamen,
912,Wholesale Services Provider,
913,INTERNEXA S.A. E.S.P,
914,PT. Telekomunikasi Selular,
915,STARNET TELECOMUNICACOES LTDA,
916,Abitcool(China) Inc.,
917,Bangladesh Online Ltd.,
918,ICNC LLC,
919,First Light Fiber,
920,Boscom LLC,
921,UNINETT AS,
922,Al Atheer Telecommunication-Iraq Co. Ltd. Incorporated in Cayman Islands,
923,Globe Telecoms,
924,Tehnologii Budushego LLC,
925,Societe Nigerienne des Telecommunications (SONITEL),
926,Vodafone Libertel B.V.,
927,SWIFT NETWORKS LIMITED,
928,Taiwan Fixed Network Telco and Network Service Provider.,
929,Complete Computers,
930,Beijing Jingdong 360 Degree E-commerce Co.,
931,Web Werks India Pvt. Ltd.,
932,Proximus NV,
933,OPERA SERVICOS DE TELECOM,
934,Suddenlink Communications,
935,PT Global Media Inti Semesta,
936,Cablemas Telecomunicaciones SA de CV,
937,Svyaz-Energo Ltd.,
938,PROVEDORA CMA INTERNET LTDA,
939,CAMON PROVEDOR,
940,USONYX PTE LTD,
941,CNSERVERS LLC,
942,M1 NET LTD,
943,Sternforth Ltd.,
944,Jiangsu ZhenJiang IDC network,
945,Sentia Denmark A/S,
946,Kalaam Telecom Bahrain B.S.C.,
947,World Internetwork CoThailand.,
948,IMPLANTAR TELECOM SOCIEDADE LIMITADA,
949,Orsine e Souza Telecomunicacoes LTDA,
950,Atlantic Broadband Finance,
951,TrustPower Ltd,
952,IO Capital Princess,
953,PPHU DESIRE Damian Lipski,
954,Hebei Mobile Communication Company Limited,
955,Start Communications,
956,SETI WEBA LTD,
957,QWARTA LLC,
958,KEMS Block-A Floor 7 Souq Al-Kabeer Kuwait City State of Kuwait P O Box 3623 Safat 13037 KW,
959,AT&T Corp.,
960,ALHAMBRA EIDOS DO BRASIL SERVICOS E SISTEMAS DE CO,
961,Artnet Spolka z ograniczona odpowiedzialnoscia,
962,FoShan RuiJiang Science and Tech Ltd.,
963,Mega-Line Ltd.,
964,Gunadarma University,
965,ATM S.A.,
966,REDEL SERVICOS DE TELECOMUNICACOES LTDA,
967,Pedro F Arruda Junior ME,
968,UNINET-TH,
969,UAB Baltnetos komunikacijos,
970,3S INF,
971,MARANDU COMUNICACIONES S.E.,
972,Beijing wisdom network technology Co. polymerization,
973,Taiwan Academic Network (TANet) Information Center,
974,Sify Limited,
