city,postal,region,region_code,country
None,None,None,None,124
None,None,None,None,165
Gyeongju,38154,Gyeongsangbuk-do,47,125
Paris,75116,Île-de-France,IDF,175
Monreale,90046,Sicily,82,176
Shanghai,None,Shanghai,SH,124
None,None,None,None,177
Chengdu,None,Sichuan,SC,124
Xinpu,None,Jiangsu,JS,124
Toronto,M5A,Ontario,ON,210
Seoul,2878,Seoul,11,125
Makati City,1214,Metro Manila,0,126
Kaohsiung City,None,Kaohsiung,KHH,127
Chennai,600004,Tamil Nadu,TN,128
Woodbridge,22193,Virginia,VA,211
None,None,None,None,212
Tokyo,102-0082,Tokyo,13,129
Chennai,600001,Tamil Nadu,TN,128
Qingdao,None,Shandong,SD,124
Kluczewsko,29-120,Świętokrzyskie,26,178
None,None,None,None,211
None,None,Quebec,QC,210
None,62,None,None,130
None,None,None,None,175
São Paulo,1000,Sao Paulo,SP,166
Clifton,7014,New Jersey,NJ,211
None,None,None,None,179
Chongqing,None,Chongqing,CQ,124
Thrissur,682301,Kerala,KL,128
Funchal,9000-034,Madeira,30,180
None,None,None,None,181
Singapore,18,None,None,130
Hamilton,L9C,Ontario,ON,210
Sejong,30018,Sejong-si,50,125
New Delhi,110001,National Capital Territory of Delhi,DL,128
Amsterdam,1105,North Holland,NH,182
None,None,None,None,221
Ibague,730001,Departamento de Tolima,TOL,167
Brighouse,HD6,England,ENG,183
Frankfurt am Main,60313,Hesse,HE,177
Naaldwijk,2671,South Holland,ZH,182
Reus,43206,Catalonia,CT,184
Santiago,None,Santiago Metropolitan,RM,168
London,SL1,England,ENG,183
Santiago de Cali,760042,Departamento del Valle del Cauca,VAC,167
Bengaluru,560100,Karnataka,KA,128
Hat Yai,90110,Songkhla,90,131
None,None,None,None,132
None,None,None,None,131
Victoria,None,English River,16,222
Brusque,88350,Santa Catarina,SC,166
Bekasi,None,West Java,JB,132
Chicago,60602,Illinois,IL,211
Irving,75063,Texas,TX,211
Trang,92000,Trang,92,131
None,None,None,None,183
Gangnam-gu,6333,Seoul,11,125
Abbotsford,3067,Victoria,VIC,250
Amsterdam,1012,North Holland,NH,182
Nanjing,None,Jiangsu,JS,124
None,None,None,None,130
Hefei,None,Anhui,AH,124
Novosibirsk,630005,Novosibirsk Oblast,NVS,185
Los Angeles,90014,California,CA,211
Phu Tu Son,None,Tinh Bac Ninh,56,133
Central,None,Central and Western District,HCW,134
None,None,None,None,186
Xian,None,Shaanxi,SN,124
Kaspiysk,368300,Dagestan,DA,185
Gaborone,None,Gaborone,GA,223
Le Perreux-sur-Marne,94170,Île-de-France,IDF,175
Beauharnois,J6N,Quebec,QC,210
Madrid,28001,Madrid,MD,184
Nagpur,440003,Maharashtra,MH,128
Antigua Guatemala,3001,Departamento de Sacatepequez,SA,213
North Bergen,7047,New Jersey,NJ,211
Phoenix,85034,Arizona,AZ,211
Lanus,1824,Buenos Aires,B,169
None,None,None,None,125
Barnaul,656003,Altai Krai,ALT,185
London,SE10,England,ENG,183
s-Hertogenbosch,5223,North Brabant,NB,182
None,None,None,None,178
Phoenix,85001,Arizona,AZ,211
San Jose,95113,California,CA,211
Haarlem,2011,North Holland,NH,182
None,None,None,None,187
Zurich,8010,Zurich,ZH,188
Las Vegas,89101,Nevada,NV,211
Ho Chi Minh City,None,Ho Chi Minh,SG,133
Kharkiv,61176,Kharkivska Oblast,63,179
Madrid,28037,Madrid,MD,184
Guangzhou,None,Guangdong,GD,124
Al Fayyum,None,Faiyum,FYM,224
Terrebonne,J6W,Quebec,QC,210
Santa Maria Chimalhuacan,56334,México,MEX,214
Singapore,6,None,None,130
Shenzhen,None,Guangdong,GD,124
Shirpur,425405,Maharashtra,MH,128
Dongguan,None,Guangdong,GD,124
Samborondon,None,Provincia del Guayas,G,165
Amsterdam,1098,North Holland,NH,182
None,None,None,None,225
Liège,4000,Wallonia,WAL,189
Badang,None,East Java,JI,132
Moscow,102749,Moscow,MOW,185
Beijing,None,Beijing,BJ,124
Montreal,H3G,Quebec,QC,210
Serra,29160,Espirito Santo,ES,166
Wuhan,None,Hubei,HB,124
New Taipei,None,New Taipei,NWT,127
Aracruz,29190,Espirito Santo,ES,166
Bauru,17000,Sao Paulo,SP,166
Rijeka,51000,Primorsko-Goranska Zupanija,8,190
None,None,None,None,176
Sisak,44000,Sisak-Moslavina,3,190
Dehradun,248001,Uttarakhand,UT,128
None,None,None,None,133
New York,10011,New York,NY,211
Tai Hang,None,Central and Western District,HCW,134
Keller,76244,Texas,TX,211
Hangzhou,None,Zhejiang,ZJ,124
Tocantins,36512,Minas Gerais,MG,166
Barracas,1871,Buenos Aires F.D.,C,169
Mirai,36790,Minas Gerais,MG,166
Gwangjin-gu,4991,Seoul,11,125
Birobidzhan,679016,Yevrey (Jewish) Autonomous Oblast,YEV,185
Barranquilla,80001,Atlántico,ATL,167
Carlopolis,86420,Parana,PR,166
Huizhou,None,Guangdong,GD,124
None,None,None,None,191
None,None,None,None,182
Santa Clara,95051,California,CA,211
Algiers,16015,Algiers,16,226
São Paulo,None,Sao Paulo,SP,166
Dalian,None,Liaoning,LN,124
Hyderabad,500034,Telangana,TG,128
Khergam,396040,Gujarat,GJ,128
Vitória da Conquista,45000,Bahia,BA,166
Nizhniy Novgorod,603054,Nizhny Novgorod Oblast,NIZ,185
None,None,None,None,135
Arezzo,52100,Tuscany,52,176
Shenyang,None,Liaoning,LN,124
Venustiano Carranza,15340,Mexico City,CMX,214
Krasnodar,350000,Krasnodarskiy Kray,KDA,185
Ensanche Ozama,11501,Nacional,1,215
None,None,Virginia,VA,211
Fuzhou,None,Fujian,FJ,124
Rabat,None,Rabat-Sale-Kenitra,4,227
Quinze de Novembro,98230,Rio Grande do Sul,RS,166
Aci Catena,95022,Sicily,82,176
Bronte,95034,Sicily,82,176
Kota Kinabalu,88450,Sabah,12,136
Avezzano,67051,Abruzzo,65,176
Chicago,60610,Illinois,IL,211
None,None,None,None,228
Yuen Long,None,Yuen Long District,NYL,134
Tuen Mun,None,Tuen Mun,NTM,134
Busan,48943,Busan,26,125
Cincinnati,45212,Ohio,OH,211
Gimpo-si,10108,Gyeonggi-do,41,125
Kryvyi Rih,None,Dnipropetrovsk Oblast,12,179
Tongyeong-si,53022,Gyeongsangnam-do,48,125
Ho Man Tin,None,Kowloon City,KKC,134
Salta,4400,Salta,A,169
Larnaca,None,Larnaka,3,192
Stockholm,121 11,Stockholm County,AB,187
Daegu,41934,Daegu,27,125
Ashburn,20147,Virginia,VA,211
Mogi Mirim,13800,Sao Paulo,SP,166
Surrey Hills,3127,Victoria,VIC,250
Bila Tserkva,9108,Kyiv,32,179
Tseung Kwan O,None,Sai Kung District,NSK,134
Vũng Tàu,None,Tinh Ba Ria-Vung Tau,43,133
Rio Bueno,None,Los Ríos Region,LR,168
Balneário Camboriú,88330,Santa Catarina,SC,166
Toronto,M2N,Ontario,ON,210
Ulsan,44691,Ulsan,31,125
Coesfeld,48653,North Rhine-Westphalia,NW,177
Brisbane,4000,Queensland,QLD,250
None,None,None,None,137
Yinchuan,None,Ningxia Hui Autonomous Region,NX,124
Rostov-on-Don,344016,Rostov Oblast,ROS,185
Revere,2151,Massachusetts,MA,211
Incheon,21539,Incheon,28,125
Elizabeth,7201,New Jersey,NJ,211
Panama City,None,Provincia de Panama,8,212
Vaxjo,352 48,Kronoberg County,G,187
Chuncheon,24329,Gangwon-do,42,125
None,None,Kwun Tong,KKT,134
Hjo,544 30,Västra Götaland County,O,187
Orenburg,460000,Orenburg Oblast,ORE,185
None,None,None,None,185
São Paulo,1323,Sao Paulo,SP,166
Yangcheon-gu,8070,Seoul,11,125
Rethel,8300,Grand Est,GES,175
Chicago,60605,Illinois,IL,211
Tsuen Wan,None,Tsuen Wan District,NTW,134
Calgary,T2E,Alberta,AB,210
Geoje,53292,Gyeongsangnam-do,48,125
Namdong-gu,21646,Incheon,28,125
Goyang-si,10461,Gyeonggi-do,41,125
Jeonju,55000,Jeollabuk-do,45,125
Gwangju,12761,Gyeonggi-do,41,125
Meppel,7941,Provincie Drenthe,DR,182
Medellín,50031,Antioquia,ANT,167
None,None,None,None,166
Łódź,93-172,Łódź Voivodeship,10,178
Nanchang,None,Jiangxi,JX,124
Ramallah,None,Ramallah,RBH,138
Palermo,90145,Sicily,82,176
Taipei,None,Taipei City,TPE,127
Taubate,12000,Sao Paulo,SP,166
Belo Horizonte,30000,Minas Gerais,MG,166
Gurlan,None,Xorazm Viloyati,XO,139
Montevideo,11700,Departamento de Montevideo,MO,170
Dronten,8254,Provincie Flevoland,FL,182
Ban Prong,None,Udon Thani,41,131
None,None,None,None,214
Warsaw,02-673,Mazovia,14,178
Dublin,D02,Leinster,L,193
Latisana,33053,Friuli Venezia Giulia,36,176
Palencia,34003,Castille and León,CL,184
Nuevo Laredo,88170,Tamaulipas,TAM,214
Wayne,7470,New Jersey,NJ,211
Los Angeles,90017,California,CA,211
None,None,None,None,210
Hung Hom,None,Kowloon City,KKC,134
Mumbai,400701,Maharashtra,MH,128
Washington,22747,Virginia,VA,211
None,None,None,None,140
Joinville,89200,Santa Catarina,SC,166
Jakarta,None,Jakarta,JK,132
Dhara,None,Mymensingh Division,H,141
Azov,346780,Rostov Oblast,ROS,185
Ivanovo,153002,Ivanovo Oblast,IVA,185
Foshan,None,Guangdong,GD,124
Timoteo,35180,Minas Gerais,MG,166
Sao Mateus do Sul,83900,Parana,PR,166
Criciúma,88800,Santa Catarina,SC,166
Izernore,1580,Auvergne-Rhone-Alpes,ARA,175
Turin,10129,Piedmont,21,176
Izamba,None,Provincia del Tungurahua,T,165
Katy,77450,Texas,TX,211
Meerut,250002,Uttar Pradesh,UP,128
San Francisco,94124,California,CA,211
Tianjin,None,Tianjin,TJ,124
Haidian,None,Beijing,BJ,124
Høng,4270,Zealand,85,194
Boydton,23917,Virginia,VA,211
Bothell,98021,Washington,WA,211
Guro-gu,8367,Seoul,11,125
Mexico City,6698,Mexico City,CMX,214
Bandung,None,West Java,JB,132
Cesena,47023,Emilia-Romagna,45,176
San Antonio,78288,Texas,TX,211
None,None,California,CA,211
Concordia,89700,Santa Catarina,SC,166
Meknes,None,Fes-Meknes,3,227
Florianópolis,88000,Santa Catarina,SC,166
Tallinn,None,Harjumaa,37,195
Kyiv,3087,Kyiv City,30,179
Paris,75001,Île-de-France,IDF,175
Piedritas,6241,Buenos Aires,B,169
Marilao,3019,Central Luzon,3,126
Luoyang,None,Henan,HA,124
Xiaobailou,None,Tianjin,TJ,124
Roubaix,59100,Hauts-de-France,HDF,175
London,EC2V,England,ENG,183
None,None,None,None,229
Hanoi,None,Hanoi,HN,133
Popayan,190001,Departamento del Cauca,CAU,167
Paris,75015,Île-de-France,IDF,175
Saint-Maur-des-Fossés,94100,Île-de-France,IDF,175
Cambridge,2139,Massachusetts,MA,211
None,None,None,None,194
None,None,Luxembourg,LU,196
Campinas,None,Sao Paulo,SP,166
San Antonio,None,Region de Valparaiso,VS,168
Tangerang,None,Banten,BT,132
Torrejón de Ardoz,28850,Madrid,MD,184
None,None,None,None,142
Nuremberg,90475,Bavaria,BY,177
Zhuhai,None,Guangdong,GD,124
Puente Piedra,None,Lima region,LIM,171
Chillan,None,Ñuble,NB,168
Soledad,83003,Atlántico,ATL,167
Gimhae,50853,Gyeongsangnam-do,48,125
Ghent,9000,Flanders,VLG,189
Chiang Rai,57000,Chiang Rai,57,131
Madrid,28027,Madrid,MD,184
Tashkent,None,Toshkent Shahri,TK,139
Dubai,None,Dubai,DU,137
Paris,75012,Île-de-France,IDF,175
Aberdeen,AB16,Scotland,SCT,183
None,None,None,None,129
None,None,None,None,172
Council Bluffs,51502,Iowa,IA,211
Arcueil,94110,Île-de-France,IDF,175
Kuldīga,LV-3301,Kuldigas novads,50,197
None,None,None,None,143
San Giovanni Lupatoto,37057,Veneto,34,176
Bengaluru,560002,Karnataka,KA,128
Betim,32500,Minas Gerais,MG,166
None,None,None,None,168
Montreal,H3A,Quebec,QC,210
St Petersburg,190823,St.-Petersburg,SPE,185
Mumbai,400070,Maharashtra,MH,128
Seongnam-si,13332,Gyeonggi-do,41,125
Sebastopol,95472,California,CA,211
Trento,38121,Trentino-Alto Adige,32,176
Kyzyl,667000,Republic of Tyva,TY,185
Merlines,19340,Nouvelle-Aquitaine,NAQ,175
Nairobi,None,Nairobi Province,30,230
Bitonto,70032,Apulia,75,176
Dhaka,1207,Dhaka Division,C,141
Feira de Santana,44000,Bahia,BA,166
Brescia,25128,Lombardy,25,176
Bucharest,52835,Bucuresti,B,186
Warsaw,00-202,Mazovia,14,178
Curitiba,80000,Parana,PR,166
Gdynia,81-572,Pomerania,22,178
North Vancouver,V7L,British Columbia,BC,210
Aups,83630,Provence-Alpes-Côte dAzur,PAC,175
Changwon,51127,Gyeongsangnam-do,48,125
Palmira,763531,Departamento del Valle del Cauca,VAC,167
Chiclana de la Frontera,11130,Andalusia,AN,184
Bangkok,10200,Bangkok,10,131
Baoding,None,Hebei,HE,124
Bac Giang,None,Tinh Bac Giang,54,133
Barcelona,8028,Catalonia,CT,184
Sydney,2000,New South Wales,NSW,250
Hailin,None,Heilongjiang,HL,124
None,None,None,None,167
Saratov,410999,Saratovskaya Oblast,SAR,185
Blackstad,590 94,Kalmar,H,187
Seville,41008,Andalusia,AN,184
Herzliya,None,Tel Aviv,TA,144
Rūjiena,LV-4240,Rujienas Novads,84,197
Henderson,42420,Kentucky,KY,211
Nassau,None,New Providence District,NP,216
Limassol,None,Limassol District,2,192
Kowloon,None,Kowloon City,KKC,134
Taichung,None,Taichung City,TXG,127
Magnitogorsk,455025,Chelyabinsk Oblast,CHE,185
Cordova,14010,Andalusia,AN,184
Guayaquil,None,Provincia del Guayas,G,165
Maracay,None,Aragua,D,172
Baturanjang,None,Banten,BT,132
Garupa,3304,Misiones,N,169
Mayfair,W1,England,ENG,183
Osage Beach,65065,Missouri,MO,211
Duncan,V9L,British Columbia,BC,210
Hurlingham,1686,Buenos Aires,B,169
None,None,None,None,139
Guadalupe,67132,Nuevo León,NLE,214
Balwyn North,3104,Victoria,VIC,250
Paris,75008,Île-de-France,IDF,175
Perundurai,638052,Tamil Nadu,TN,128
Mendoza,5500,Mendoza,M,169
Tasikmalaya,None,West Java,JB,132
Puerto Gaitan,502041,Departamento del Meta,MET,167
Santiago de Cali,760001,Departamento del Valle del Cauca,VAC,167
Kuala Lumpur,54000,Kuala Lumpur,14,136
Buenos Aires,None,Buenos Aires F.D.,C,169
Santiago de Cali,760020,Departamento del Valle del Cauca,VAC,167
Nha Be,None,Ho Chi Minh,SG,133
London,EC3R,England,ENG,183
Bhilai,490020,Chhattisgarh,CT,128
Yekaterinburg,620000,Sverdlovsk Oblast,SVE,185
Salvador,40000,Bahia,BA,166
Vinh Phuc,None,Tinh Binh GJinh,31,133
Richmond,77469,Texas,TX,211
Jinan,None,Shandong,SD,124
Hongkou,None,Shanghai,SH,124
Hyderabad,68210,Sindh,SD,145
Colombes,92250,Île-de-France,IDF,175
Brasov,500398,Brasov,BV,186
Riyadh,None,Riyadh Region,1,146
Buffalo,14205,New York,NY,211
Dhaka,1000,Dhaka Division,C,141
None,None,None,None,173
Volgodonsk,347360,Rostov Oblast,ROS,185
Kazan’,422528,Tatarstan Republic,TA,185
Salem,636010,Tamil Nadu,TN,128
Rio Branco,69900,Acre,AC,166
Madrid,28053,Madrid,MD,184
Buenos Aires,1871,Buenos Aires F.D.,C,169
Petaling Jaya,47301,Selangor,10,136
Thane,400612,Maharashtra,MH,128
Quito,None,Provincia de Pichincha,P,165
Minsk,220103,Minsk City,HM,198
Budapest,1024,Budapest,BU,199
Bangkok,10510,Bangkok,10,131
Cachan,94230,Île-de-France,IDF,175
Abuja,None,FCT,FC,231
Malinska,51511,Primorsko-Goranska Zupanija,8,190
Frankfurt am Main,65933,Hesse,HE,177
Jackson,38305,Tennessee,TN,211
Nanqiao,None,Shanghai,SH,124
None,None,None,None,128
Roubaix,None,Hauts-de-France,HDF,175
St Louis,63123,Missouri,MO,211
Yaocheng,None,Hebei,HE,124
Nicosia,None,Nicosia,1,192
Anseong,17580,Gyeonggi-do,41,125
Tai Kok Tsui,None,Yau Tsim Mong,KYT,134
Sofia,1000,Sofia-Capital,22,191
Dortmund,44227,North Rhine-Westphalia,NW,177
Bucheon-si,14554,Gyeonggi-do,41,125
Gothenburg,418 37,Västra Götaland County,O,187
Gangdong-gu,5205,Seoul,11,125
None,None,None,None,127
Vratsa,3000,Vratsa,6,191
Macao,None,None,None,147
Pocheon-si,11147,Gyeonggi-do,41,125
Gyeonggi-do,10133,Gyeonggi-do,41,125
Sepang,43950,Selangor,10,136
Tsimshatsui,None,Kowloon City,KKC,134
Tainan City,None,Tainan,TNN,127
Roost,L-7759,Mersch,ME,196
None,None,None,None,200
New Delhi,110021,National Capital Territory of Delhi,DL,128
Montrouge,92120,Île-de-France,IDF,175
Oslo,596,Oslo County,3,200
Suzhou,None,Jiangsu,JS,124
Fes,None,Fes-Meknes,3,227
Dnipropetrovsk,49019,Dnipropetrovsk Oblast,12,179
Dimitrovgrad,433505,Ulyanovsk Oblast,ULY,185
Kranj,4000,Kranj,52,201
Ma On Shan Tsuen,None,Sha Tin,NST,134
Sparsor,513 50,Västra Götaland County,O,187
Civitanova Marche,62012,The Marches,57,176
Wonju,26417,Gangwon-do,42,125
Borås,507 45,Västra Götaland County,O,187
Bupyeong-gu,21443,Incheon,28,125
None,37340,Gyeongsangbuk-do,47,125
Seosan City,31983,Chungcheongnam-do,44,125
Sao Joao de Meriti,25500,Rio de Janeiro,RJ,166
Greater Sudbury,P3A,Ontario,ON,210
Ansan-si,15345,Gyeonggi-do,41,125
Mazatlán,82010,Sinaloa,SIN,214
Durban,4001,KwaZulu-Natal,KZN,221
Hoeoer,243 93,Skåne County,M,187
Fairfax,22031,Virginia,VA,211
Thornhill,L4J,Ontario,ON,210
Guatemala City,1021,Departamento de Guatemala,GU,213
Dongdaemun-gu,2543,Seoul,11,125
Siu Lek Yuen,None,Sha Tin,NST,134
Pohang,37774,Gyeongsangbuk-do,47,125
Baitang,None,Jiangxi,JX,124
Gwangju,61426,Gwangju,29,125
Zhongli District,None,Taoyuan,TAO,127
Gatchina,188300,Leningrad Oblast,LEN,185
Los Angeles,90011,California,CA,211
San Jose de Guanipa,None,Anzoátegui,B,172
None,None,None,None,184
Vaestra Froelunda,421 02,Västra Götaland County,O,187
Sault Ste. Marie,P6A,Ontario,ON,210
Barquisimeto,None,Lara,K,172
Mérida,6800,Extremadura,EX,184
None,None,None,None,169
Qingpu,None,Shanghai,SH,124
Paderborn,33106,North Rhine-Westphalia,NW,177
Petaling Jaya,46050,Selangor,10,136
Daejeon,34943,Daejeon,30,125
Cheonan,31132,Chungcheongnam-do,44,125
Namyangju,12232,Gyeonggi-do,41,125
None,None,None,None,202
Kolomna,140405,Moscow Oblast,MOS,185
Jackson,83001,Wyoming,WY,211
Chennai,600017,Tamil Nadu,TN,128
Pathum Wan,10330,Bangkok,10,131
Brielle,3232,South Holland,ZH,182
Delhi,110054,National Capital Territory of Delhi,DL,128
None,None,None,None,134
Changsha,None,Hunan,HN,124
Da Nang,None,Da Nang,DN,133
Medellín,50001,Antioquia,ANT,167
Córdoba,5000,Cordoba,X,169
Mentor,44060,Ohio,OH,211
None,None,Hubei,HB,124
Jaboatao dos Guararapes,54000,Pernambuco,PE,166
Khabarovsk,680031,Khabarovsk,KHA,185
Lauf,77886,Baden-Württemberg,BW,177
Lobnya,141732,Moscow Oblast,MOS,185
New Delhi,110002,National Capital Territory of Delhi,DL,128
Talcahuano,None,Region del Biobio,BI,168
São Carlos,13560,Sao Paulo,SP,166
Takhli,60140,Nakhon Sawan,60,131
Mamanguape,58280,Paraíba,PB,166
Sukoharjo,None,Central Java,JT,132
Cacapava,12280,Sao Paulo,SP,166
Valledupar,200002,Departamento del Cesar,CES,167
Acucena,None,Minas Gerais,MG,166
Nur-Sultan,None,Nur-Sultan,AST,148
Chanshan,None,Jiangsu,JS,124
Budapest,1012,Budapest,BU,199
Ashburn,20149,Virginia,VA,211
Baton Rouge,70817,Louisiana,LA,211
Carrollton,75010,Texas,TX,211
Surabaya,None,East Java,JI,132
Pelotas,96000,Rio Grande do Sul,RS,166
Guarulhos,7000,Sao Paulo,SP,166
Shijiazhuang,None,Hebei,HE,124
Munich,81549,Bavaria,BY,177
Balikpapan,None,East Kalimantan,KI,132
Groningen,9711,Groningen,GR,182
Volgograd,400000,Volgograd Oblast,VGG,185
Zhengzhou,None,Henan,HA,124
Esperanca,58135,Paraíba,PB,166
Sariyer,34450,Istanbul,34,149
Jinghu,None,Anhui,AH,124
Puebla City,72270,Puebla,PUE,214
Columbus,43209,Ohio,OH,211
Pomona,91766,California,CA,211
Buesaco,520501,Departamento de Narino,NAR,167
The Dalles,97058,Oregon,OR,211
Londrina,None,Parana,PR,166
Barranquilla,80010,Atlántico,ATL,167
Contagem,32000,Minas Gerais,MG,166
Mabalacat,2010,Central Luzon,3,126
Reading,RG2,England,ENG,183
Indianapolis,46202,Indiana,IN,211
Plano,75025,Texas,TX,211
Bangkok,10700,Bangkok,10,131
Lubbock,79424,Texas,TX,211
Ban Phan Don,41110,Udon Thani,41,131
Malo,36034,Veneto,34,176
Guadalajara,44510,Jalisco,JAL,214
Lisbon,1050-001,Lisbon,11,180
Watford,WD17,England,ENG,183
Lambeth,SW8,England,ENG,183
Angmering,BN16,England,ENG,183
Gaochong,None,Hunan,HN,124
Jamshedpur,831001,Jharkhand,JH,128
Aracaju,49000,Sergipe,SE,166
Chennai,600118,Tamil Nadu,TN,128
Semarang,None,Central Java,JT,132
Ningbo,None,Zhejiang,ZJ,124
Paris,75009,Île-de-France,IDF,175
Thanh Hóa,None,Tinh Thanh Hoa,21,133
Tongxiang,None,Zhejiang,ZJ,124
Ivry-sur-Seine,94200,Île-de-France,IDF,175
Singapore,32,None,None,130
Kupang,None,East Nusa Tenggara,NT,132
Mataram,None,West Nusa Tenggara,NB,132
None,None,Central and Western District,HCW,134
Cotia,6700,Sao Paulo,SP,166
Strasbourg,67000,Grand Est,GES,175
Caucete,5442,San Juan,J,169
Düsseldorf,40221,North Rhine-Westphalia,NW,177
Bogotá,111311,Bogota D.C.,DC,167
Caringin,None,West Java,JB,132
Pudong,None,Shanghai,SH,124
Kanazawa,921-8161,Ishikawa,17,129
South Tangerang,None,Banten,BT,132
Las Condes,None,Santiago Metropolitan,RM,168
Brescia,25127,Lombardy,25,176
Río Gallegos,9400,Santa Cruz,Z,169
Kenitra,None,Rabat-Sale-Kenitra,4,227
Malang,None,East Java,JI,132
None,1482,Viken,30,200
Plant City,33563,Florida,FL,211
Amsterdam,1014,North Holland,NH,182
Dong Hoi,None,Tinh Quang Binh,24,133
Weifang,None,Shandong,SD,124
Hoa Binh,None,Tinh Hoa Binh,14,133
Faridabad,121003,Haryana,HR,128
Trivandrum,695020,Kerala,KL,128
Brighton,80602,Colorado,CO,211
Huaxi,None,Guizhou,GZ,124
Heredia,40101,Provincia de Heredia,H,217
Bayan Lepas,11900,Penang,7,136
Kajang,43000,Selangor,10,136
Kon Tum,None,Kon Tum,28,133
Les Abymes,97139,None,None,218
Visakhapatnam,530047,Andhra Pradesh,AP,128
Zurich,8001,Zurich,ZH,188
Mumbai,400076,Maharashtra,MH,128
Porth,CF39,Wales,WLS,183
La Candelaria,4126,Salta,A,169
Caldas da Rainha,2500-843,Leiria,10,180
Pisa,56124,Tuscany,52,176
Dhaka,1219,Dhaka Division,C,141
Indore,452001,Madhya Pradesh,MP,128
Del Mar,92014,California,CA,211
Kolkata,700019,West Bengal,WB,128
Denver,80231,Colorado,CO,211
Carolina,983,None,None,219
Gomel,211322,Homyel’ Voblasc’,HO,198
Culiacán,80143,Sinaloa,SIN,214
Maipu,None,Santiago Metropolitan,RM,168
Ramagundam,505215,Telangana,TG,128
Kemerovo,650068,Kemerovo Oblast,KEM,185
Milan,20147,Lombardy,25,176
Mumbai,400037,Maharashtra,MH,128
Cheongju-si,28515,North Chungcheong,43,125
Lima,None,Lima,LMA,171
Paarp,260 33,Skåne County,M,187
None,None,None,None,232
Bocholt,46397,North Rhine-Westphalia,NW,177
Mandal,4514,Agder,42,200
New Delhi,110008,National Capital Territory of Delhi,DL,128
Casablanca,None,Casablanca-Settat,6,227
Bac Ninh,None,Tinh Bac Ninh,56,133
Stockholm,109 56,Stockholm County,AB,187
Everett,98201,Washington,WA,211
Nha Trang,None,Tinh Khanh Hoa,34,133
Medina,None,Medina Region,3,146
Vernegues,13116,Provence-Alpes-Côte dAzur,PAC,175
Seremban,70400,Negeri Sembilan,5,136
San Antonio,40701,Provincia de Heredia,H,217
La Serena,None,Coquimbo Region,CO,168
Zapopan,45070,Jalisco,JAL,214
Johannesburg,2000,Gauteng,GP,221
Novosibirsk,630028,Novosibirsk Oblast,NVS,185
Pontalina,75620,Goias,GO,166
Hinesville,31313,Georgia,GA,211
Osaka,550-0011,Ōsaka,27,129
Noida,110091,Uttar Pradesh,UP,128
Cairo,None,Cairo Governorate,C,224
Karlskrona,371 33,Blekinge County,K,187
Gwanak-gu,8841,Seoul,11,125
Düsseldorf,40213,North Rhine-Westphalia,NW,177
Sandakan,90000,Sabah,12,136
Sumy,40000,Sumska Oblast,59,179
Rome,169,Latium,62,176
Mosquera,250040,Cundinamarca,CUN,167
Recife,50000,Pernambuco,PE,166
East London,5201,Eastern Cape,EC,221
Songjiang,None,Shanghai,SH,124
Lishui,None,Zhejiang,ZJ,124
Kaunas,56001,Kaunas,KU,181
Barra Bonita,17340,Sao Paulo,SP,166
Cunha Pora,89890,Santa Catarina,SC,166
Santa Clara,95054,California,CA,211
None,None,None,None,138
San Diego,92129,California,CA,211
Bari,70124,Apulia,75,176
Columbus,43215,Ohio,OH,211
Indaiatuba,13330,Sao Paulo,SP,166
Cabo de Santo Agostinho,54500,Pernambuco,PE,166
Tavernes de la Valldigna,46760,Valencia,VC,184
Olinda,53000,Pernambuco,PE,166
Gdynia,81-451,Pomerania,22,178
Brasília,70640,Federal District,DF,166
Ciudad del Este,None,Departamento del Alto Parana,10,174
Kolkata,700099,West Bengal,WB,128
Krasnodar,350901,Krasnodarskiy Kray,KDA,185
Surgut,628405,Khanty-Mansia,KHM,185
Frankfurt am Main,60326,Hesse,HE,177
Noblesville,46062,Indiana,IN,211
Denpasar,None,Bali,BA,132
Quezon City,1116,Metro Manila,0,126
Garut,None,West Java,JB,132
Moelndal,431 69,Västra Götaland County,O,187
Recoleta,None,Buenos Aires F.D.,C,169
None,None,None,None,227
Yekaterinburg,620039,Sverdlovsk Oblast,SVE,185
Cape Town,8001,Western Cape,WC,221
Langfang,None,Hebei,HE,124
Puyang Chengguanzhen,None,Henan,HA,124
Ljubljana,1509,Ljubljana,61,201
Sukabumi,None,West Java,JB,132
As,1430,Viken,30,200
Thomastown,3074,Victoria,VIC,250
Nunoa,None,Santiago Metropolitan,RM,168
San Antonio,None,Departamento Central,11,174
Paterna,46980,Valencia,VC,184
Johannesburg,2006,Gauteng,GP,221
Bridgewater,22812,Virginia,VA,211
Hsinchu County,None,Hsinchu County,HSZ,127
Mossoro,59600,Rio Grande do Norte,RN,166
None,None,None,None,233
Bellville,7530,Western Cape,WC,221
Notting Hill Gate,W11,England,ENG,183
Paris,75014,Île-de-France,IDF,175
Hermosillo,83243,Sonora,SON,214
Pocoes,45260,Bahia,BA,166
Nerima,176-0001,Tokyo,13,129
Elista,358000,Kalmykiya Republic,KL,185
Silver Spring,20902,Maryland,MD,211
North Charleston,29415,South Carolina,SC,211
Triolet,None,Pamplemousses District,PA,234
Taguig,1633,Metro Manila,0,126
Timbo,89120,Santa Catarina,SC,166
Genoa,16156,Liguria,42,176
Porto Velho,78900,Rondonia,RO,166
Rome,123,Latium,62,176
Riverside,2915,Rhode Island,RI,211
Monterrey,64610,Nuevo León,NLE,214
None,None,None,None,188
Vaulx-en-Velin,69120,Auvergne-Rhone-Alpes,ARA,175
None,None,None,None,150
Doha,None,Baladiyat ad Dawhah,DA,151
Tipacoque,151020,Departamento de Boyaca,BOY,167
Gifhorn,38518,Lower Saxony,NI,177
Zhangzhou,None,Fujian,FJ,124
Maharagama,10280,Western Province,1,152
La Heuniere,27950,Normandy,NOR,175
Pune,411007,Maharashtra,MH,128
Pune,411005,Maharashtra,MH,128
Mar del Plata,7600,Buenos Aires,B,169
Bilbao,48007,Basque Country,PV,184
Rio de Janeiro,20000,Rio de Janeiro,RJ,166
Angke,None,Jakarta,JK,132
Punta Cana,None,Provincia de La Altagracia,11,215
Milan,20146,Lombardy,25,176
Milan,20123,Lombardy,25,176
Bologna,40133,Emilia-Romagna,45,176
Zernograd,347740,Rostov Oblast,ROS,185
Changzhi,None,Shanxi,SX,124
Funchal,9020-246,Madeira,30,180
Ciudad Ojeda,None,Zulia,V,172
A Coruña,15002,Galicia,GA,184
Weare,3281,New Hampshire,NH,211
Kendal,None,Central Java,JT,132
Marau,99150,Rio Grande do Sul,RS,166
Dhaka,1217,Dhaka Division,C,141
Pune,411001,Maharashtra,MH,128
None,None,Guangdong,GD,124
Setagaya-ku,154-0017,Tokyo,13,129
None,None,None,None,151
Paris,75019,Île-de-France,IDF,175
Auckland,1061,Auckland,AUK,251
Iztapalapa,9250,Mexico City,CMX,214
Boulogne-Billancourt,None,Île-de-France,IDF,175
Des Moines,50307,Iowa,IA,211
Hradec Králové,503 11,Kralovehradecky kraj,52,203
Montgeron,91230,Île-de-France,IDF,175
Čakovec,40000,Medimurje,20,190
Santa Cruz,None,Departamento de Santa Cruz,S,173
Logroño,26006,La Rioja,RI,184
Hässleholm,281 43,Skåne County,M,187
Santiago de Cali,760050,Departamento del Valle del Cauca,VAC,167
Ontario,91761,California,CA,211
Pointe-Claire,H9R,Quebec,QC,210
None,None,None,None,230
Lod,None,Central District,M,144
Mapo-gu,4365,Seoul,11,125
Jinshi,None,Hunan,HN,124
Apple River,61001,Illinois,IL,211
San Francisco,94123,California,CA,211
Luleå,972 38,Norrbotten County,BD,187
Bareggio,20010,Lombardy,25,176
None,None,None,None,190
Bursa,16245,Bursa,16,149
Paju,10928,Gyeonggi-do,41,125
Tlaquepaque,45590,Jalisco,JAL,214
Yeongdeungpo-gu,7286,Seoul,11,125
Gaza,None,Gaza,GZA,138
None,None,Pernambuco,PE,166
Hung Yen,None,Tinh Hung Yen,66,133
Hilversum,1212,North Holland,NH,182
Tabanan,None,Bali,BA,132
Chilliwack,V2R,British Columbia,BC,210
None,None,None,None,141
Phitsanulok,65000,Phitsanulok,65,131
Sandviken,811 33,Gävleborg County,X,187
Palermo,90124,Sicily,82,176
Oulu,90100,North Ostrobothnia,14,204
Tijuana,22236,Baja California,BCN,214
Los Angeles,90009,California,CA,211
Tbilisi,None,Kalaki Tbilisi,TB,153
Rincon de Los Sauces,8319,Neuquen,Q,169
Uberaba,38000,Minas Gerais,MG,166
Ninh Binh,None,Tinh Ninh Binh,18,133
Nantong,None,Jiangsu,JS,124
Denver,80211,Colorado,CO,211
Istanbul,34110,Istanbul,34,149
Rumia,84-230,Pomerania,22,178
Rocchetta Belbo,12050,Piedmont,21,176
Manaus,69000,Amazonas,AM,166
Mohali,160059,Punjab,PB,128
Novo Hamburgo,93300,Rio Grande do Sul,RS,166
Yongin-si,17049,Gyeonggi-do,41,125
Sialkot,51050,Punjab,PB,145
Providence,2905,Rhode Island,RI,211
Weilburg,35781,Hesse,HE,177
Tulungagung,None,East Java,JI,132
Yoshkar-Ola,424000,Mariy-El Republic,ME,185
None,None,None,None,145
San Lucas Sacatepequez,3008,Departamento de Sacatepequez,SA,213
Tangi,752023,Odisha,OR,128
Cafelandia,16500,Sao Paulo,SP,166
Saint-Maur-des-Fossés,94210,Île-de-France,IDF,175
Dallas,75270,Texas,TX,211
Egmond-Binnen,1935,North Holland,NH,182
None,None,None,None,235
Paris,75010,Île-de-France,IDF,175
Douglas,85607,Arizona,AZ,211
None,None,None,None,154
Tikhoretsk,352120,Krasnodarskiy Kray,KDA,185
Ulan Bator,None,Ulaanbaatar Hot,1,155
Kampala,None,Central Region,C,236
Budapest,1116,Budapest,BU,199
Milan,20122,Lombardy,25,176
Foligno,6034,Umbria,55,176
Westergellersen,21394,Lower Saxony,NI,177
Kalubowila,10350,Western Province,1,152
Echenevex,1170,Auvergne-Rhone-Alpes,ARA,175
Haskovo,3600,Haskovo,26,191
Torres,95560,Rio Grande do Sul,RS,166
None,None,None,None,156
North Vancouver,V7H,British Columbia,BC,210
Houston,77082,Texas,TX,211
Palermo,90126,Sicily,82,176
Phoenix,85008,Arizona,AZ,211
Jaipur,302001,Rajasthan,RJ,128
Curicó,None,Maule Region,ML,168
None,None,None,None,152
Livingston,35470,Alabama,AL,211
Budapest,1118,Budapest,BU,199
Montgomery,36116,Alabama,AL,211
Madrid,28017,Madrid,MD,184
Kolkata,700028,West Bengal,WB,128
Viana,31230,Navarre,NC,184
Kathmandu,None,Province 3,P3,157
Comarnic,105700,Prahova,PH,186
Uji,611-0021,Kyoto,26,129
Diadema,9900,Sao Paulo,SP,166
None,None,None,None,237
Keszu,7668,Baranya,BA,199
Binan,420,Calabarzon,40,126
Taoyuan District,None,Taoyuan,TAO,127
Niagara Falls,L2H,Ontario,ON,210
Ampang,68000,Selangor,10,136
Thrissur,680011,Kerala,KL,128
Mexico City,6700,Mexico City,CMX,214
Zaozhuang,None,Shandong,SD,124
Accra,None,Greater Accra Region,AA,233
Temecula,92591,California,CA,211
Saint-Ouen-des-Toits,53410,Pays de la Loire,PDL,175
Lagos de Moreno,47490,Jalisco,JAL,214
Ko Kha,52130,Lampang,52,131
Fayetteville,28314,North Carolina,NC,211
Neiva,410001,Departamento del Huila,HUI,167
Mexico City,7380,Mexico City,CMX,214
Ixtapaluca,56530,México,MEX,214
None,None,Qalqilya,QQA,138
Perai,13600,Penang,7,136
Harbin,None,Heilongjiang,HL,124
Madhoganj,241302,Uttar Pradesh,UP,128
None,None,None,None,199
Southlake,76092,Texas,TX,211
Nanning,None,Guangxi,GX,124
Stockholm,173 11,Stockholm County,AB,187
Bay City,48706,Michigan,MI,211
Houilles,78800,Île-de-France,IDF,175
Chainat,17130,Chai Nat,18,131
Lahore,54000,Punjab,PB,145
Chicago,60604,Illinois,IL,211
Yangzhou,None,Jiangsu,JS,124
Geffen,5386,North Brabant,NB,182
Kamloops,V2H,British Columbia,BC,210
Santander,39011,Cantabria,CB,184
Chang-hua,None,Changhua,CHA,127
Hermosillo,83288,Sonora,SON,214
San Nicolás de los Garza,66422,Nuevo León,NLE,214
None,68473,Para,PA,166
Cuautla,62743,Morelos,MOR,214
Almacelles,25100,Catalonia,CT,184
Wronki,64-510,Greater Poland,30,178
Saint-Pierre,97410,None,None,238
Phoenix,85281,Arizona,AZ,211
Chicago,60661,Illinois,IL,211
Asunción,None,Asuncion,ASU,174
Frankfurt am Main,60314,Hesse,HE,177
Viradouro,14740,Sao Paulo,SP,166
Daqian,None,Fujian,FJ,124
Batam,None,Riau Islands,KR,132
Goiânia,74000,Goias,GO,166
Manhumirim,36970,Minas Gerais,MG,166
Metepec,52172,México,MEX,214
Tehran,None,Ostan-e Tehran,7,140
Tepic,63159,Nayarit,NAY,214
Chengzhong,None,Guangxi,GX,124
Bagé,96400,Rio Grande do Sul,RS,166
Changchun,None,Jilin,JL,124
Nenagh,E45,Munster,M,193
Dakar,None,Dakar,DK,235
Jeddah,None,Mecca Region,2,146
Chiang Mai,50000,Chiang Mai,50,131
Austin,78749,Texas,TX,211
San Jose,95141,California,CA,211
Kottayam,686001,Kerala,KL,128
Don Chedi,72170,Suphanburi,72,131
Algiers,16006,Algiers,16,226
Brussels,1060,Brussels Capital,BRU,189
Bellary,583101,Karnataka,KA,128
Lenguazaque,250601,Cundinamarca,CUN,167
Mrac,257 21,Central Bohemia,20,203
Lamphun,51000,Lamphun,51,131
Medan,None,North Sumatra,SU,132
Osasco,6000,Sao Paulo,SP,166
Stockton-on-Tees,TS20,England,ENG,183
Prague,130 00,Hlavni mesto Praha,10,203
Limoeiro do Norte,62930,Ceara,CE,166
São Leopoldo,93000,Rio Grande do Sul,RS,166
Anchorage,99502,Alaska,AK,211
Long Bennington,NG23,England,ENG,183
Weiden,92637,Bavaria,BY,177
Artur Nogueira,13160,Sao Paulo,SP,166
New York,7094,New York,NY,211
Kistelek,6760,Csongrad megye,CS,199
Horpacs,2658,Nograd megye,NO,199
Ankara,6680,Ankara,6,149
Tomsk,634012,Tomsk Oblast,TOM,185
Niterói,None,Rio de Janeiro,RJ,166
Washington,20007,District of Columbia,DC,211
Surat,394210,Gujarat,GJ,128
Budapest,1121,Budapest,BU,199
Kuala Terengganu,21200,Terengganu,11,136
Paulista,53400,Pernambuco,PE,166
São Bernardo do Campo,None,Sao Paulo,SP,166
Kalimate,None,Province 3,P3,157
Bhopal,464993,Madhya Pradesh,MP,128
Kolkata,700040,West Bengal,WB,128
None,None,None,None,149
Turin,10135,Piedmont,21,176
Gumi,39138,Gyeongsangbuk-do,47,125
Guro-gu,8226,Seoul,11,125
Châtenay-Malabry,92290,Île-de-France,IDF,175
Calgary,T2T,Alberta,AB,210
Mandal,4513,Agder,42,200
Moscow,125310,Moscow,MOW,185
San Jose,95127,California,CA,211
Columbia,29229,South Carolina,SC,211
Curitibanos,89520,Santa Catarina,SC,166
Saint-Nicolas-de-Port,54210,Grand Est,GES,175
Port Montt,None,Los Lagos Region,LL,168
Salé,None,Rabat-Sale-Kenitra,4,227
Helsinki,100,Uusimaa,18,204
Xindian,None,Changhua,CHA,127
Hyderabad,500009,Telangana,TG,128
Tokyo,270-1351,Tokyo,13,129
Formosa,73800,Goias,GO,166
Piscataway,8854,New Jersey,NJ,211
Gaspar,None,Santa Catarina,SC,166
Murmansk,183074,Murmansk,MUR,185
Tampa,33609,Florida,FL,211
Ribeirão Preto,14000,Sao Paulo,SP,166
Yumbo,760501,Departamento del Valle del Cauca,VAC,167
Monterrey,64989,Nuevo León,NLE,214
Houston,77090,Texas,TX,211
Dugny,93440,Île-de-France,IDF,175
Shaoxing,None,Zhejiang,ZJ,124
Belgrade,None,Belgrade,0,205
Chicago,60620,Illinois,IL,211
Voronezh,394000,Voronezh Oblast,VOR,185
Haiphong,None,Haiphong,HP,133
Uiwang,16065,Gyeonggi-do,41,125
None,None,None,None,192
Ruwa,None,Mashonaland East Province,ME,239
Concord,94520,California,CA,211
Nonthaburi,11000,Nonthaburi,12,131
Santa Ana,92704,California,CA,211
Barranquilla,80002,Atlántico,ATL,167
Indianapolis,46260,Indiana,IN,211
Bellevue Hill,2023,New South Wales,NSW,250
Anshan,None,Liaoning,LN,124
Toronto,M6G,Ontario,ON,210
Boardman,97818,Oregon,OR,211
Leopoldina,36700,Minas Gerais,MG,166
Jingjiang,None,Jiangsu,JS,124
Ourense,32004,Galicia,GA,184
Aparecida de Goiania,74900,Goias,GO,166
Raipur,492013,Chhattisgarh,CT,128
None,None,None,None,240
Cabo Frio,28900,Rio de Janeiro,RJ,166
Galena,61036,Illinois,IL,211
Eunapolis,45820,Bahia,BA,166
Johor Bahru,81100,Johor,1,136
Baimiao,None,Hubei,HB,124
Sundsvall,850 02,Västernorrland County,Y,187
Thoothukudi,628210,Tamil Nadu,TN,128
Veliky Novgorod,173025,Novgorod Oblast,NGR,185
Coimbatore,641012,Tamil Nadu,TN,128
Cheyenne,82002,Wyoming,WY,211
Cardiff,CF14,Wales,WLS,183
None,None,Washington,WA,211
San Diego,92127,California,CA,211
Surakarta,None,Central Java,JT,132
Tramandai,95590,Rio Grande do Sul,RS,166
Cronulla,2230,New South Wales,NSW,250
Woking,GU21,England,ENG,183
Luxembourg,L-1661,Luxembourg,LU,196
Minsk,220002,Minsk City,HM,198
Osaka,543-0062,Ōsaka,27,129
South Shields,NE34,England,ENG,183
Puerto Coihueco,None,Los Ríos Region,LR,168
Orlando,32810,Florida,FL,211
Melbourne,3001,Victoria,VIC,250
None,None,None,None,206
Québec,G1S,Quebec,QC,210
Panjin,None,Liaoning,LN,124
Madrid,28002,Madrid,MD,184
Santo Estevao,44190,Bahia,BA,166
None,None,None,None,171
Courbevoie,92400,Île-de-France,IDF,175
Imperatriz,65900,Maranhao,MA,166
Suwon,16258,Gyeonggi-do,41,125
Sukhothai Thani,64110,Sukhothai,64,131
Bangkok,10400,Bangkok,10,131
Bungoma,None,Bungoma District,3,230
Mexico City,11800,Mexico City,CMX,214
Yekaterinburg,620098,Sverdlovsk Oblast,SVE,185
Cagayan de Oro,9000,Northern Mindanao,10,126
Laterina,52020,Tuscany,52,176
Exeter,EX2,England,ENG,183
Xiamen,None,Fujian,FJ,124
Samarinda,None,East Kalimantan,KI,132
Lagos,None,Lagos,LA,231
Debrecen,4032,Hajdú-Bihar,HB,199
Sochi,354000,Krasnodarskiy Kray,KDA,185
Požega,34000,Pozega-Slavonia,11,190
Vargem Alegre,35199,Minas Gerais,MG,166
Blumenau,89000,Santa Catarina,SC,166
Bloomington,47401,Indiana,IN,211
San Casciano in Val di Pesa,50026,Tuscany,52,176
Beixiaoyi,None,Shandong,SD,124
Cheongju-si,28648,North Chungcheong,43,125
Toeroekbalint,2045,Pest megye,PE,199
Marlborough,SN8,England,ENG,183
New Berlin,53151,Wisconsin,WI,211
Rotterdam,3044,South Holland,ZH,182
Miami,33102,Florida,FL,211
Victoria,V8P,British Columbia,BC,210
Lyon,69000,Auvergne-Rhone-Alpes,ARA,175
Itabashi-ku,173-0014,Tokyo,13,129
Brindisi,72100,Apulia,75,176
Wenzhou,None,Zhejiang,ZJ,124
La Courneuve,93120,Île-de-France,IDF,175
Mumbai,400051,Maharashtra,MH,128
Hohhot,None,Inner Mongolia Autonomous Region,NM,124
Cilaos,97413,None,None,238
None,None,None,None,241
Castro,84160,Parana,PR,166
Baden,5400,Aargau,AG,188
Paris,75007,Île-de-France,IDF,175
La Paz,None,Departamento de La Paz,L,173
Barrie,L9X,Ontario,ON,210
Stockholm,164 74,Stockholm County,AB,187
Yongzhou,None,Hunan,HN,124
Shuanghe,None,Jiangsu,JS,124
Castro,None,Los Lagos Region,LL,168
Gurupi,77400,Tocantins,TO,166
Biguacu,None,Santa Catarina,SC,166
Uba,36500,Minas Gerais,MG,166
Amman,None,Amman Governorate,AM,158
Putuo,None,Shanghai,SH,124
São Luís,65000,Maranhao,MA,166
Asan,31513,Chungcheongnam-do,44,125
Siheung-si,14971,Gyeonggi-do,41,125
Kuantan,25200,Pahang,6,136
Zhytomyr,10014,Zhytomyrska Oblast,18,179
Bela Vista da Caroba,85745,Parana,PR,166
Berlin,12161,Land Berlin,BE,177
Nashik,422222,Maharashtra,MH,128
Ribeirao Pires,9400,Sao Paulo,SP,166
Chicago,60613,Illinois,IL,211
Khon Kaen,40000,Khon Kaen,40,131
Ngu Hanh Son,None,Da Nang,DN,133
Charenton-le-Pont,94220,Île-de-France,IDF,175
Huejotzingo,74160,Puebla,PUE,214
Edmonton,T6T,Alberta,AB,210
None,None,None,None,242
Itaguei,55410,Antioquia,ANT,167
Wuxi,None,Jiangsu,JS,124
None,None,None,None,250
None,None,None,None,159
Lucknow,226002,Uttar Pradesh,UP,128
Islamabad,44000,Islamabad,IS,145
Ban Chang,None,Phra Nakhon Si Ayutthaya,14,131
Córdoba,5009,Cordoba,X,169
Gloucester,GL4,England,ENG,183
Birmingham,35244,Alabama,AL,211
Maputo,None,Cidade de Maputo,MPM,243
Peterborough,K9J,Ontario,ON,210
Pekanbaru,None,Riau,RI,132
Berlin,12627,Land Berlin,BE,177
Heiwajima,143-0001,Tokyo,13,129
Maracaja,88915,Santa Catarina,SC,166
Kuala Lumpur,50490,Kuala Lumpur,14,136
Quezon City,1112,Metro Manila,0,126
Getafe,28903,Madrid,MD,184
Pesaro,61121,The Marches,57,176
Zagreb,10000,City of Zagreb,21,190
Ufa,450000,Bashkortostan Republic,BA,185
Tlalpan,14000,Mexico City,CMX,214
Tolyatti,445009,Samara Oblast,SAM,185
Manhush,87400,Donetska Oblast,14,179
Chengxi,None,Jiangsu,JS,124
Icano,4334,Santiago del Estero,G,169
Mysore,570026,Karnataka,KA,128
Erkrath,40699,North Rhine-Westphalia,NW,177
Dourados,79800,Mato Grosso do Sul,MS,166
Calgary,T3S,Alberta,AB,210
Gurgaon,122008,Haryana,HR,128
Bonito,79290,Mato Grosso do Sul,MS,166
Colombo,100,Western Province,1,152
Newburgh,47630,Indiana,IN,211
Jaipur,302004,Rajasthan,RJ,128
Porto,4000-000,Porto,13,180
Batatais,14300,Sao Paulo,SP,166
Mexico City,11370,Mexico City,CMX,214
Planaltina,None,Federal District,DF,166
Düsseldorf,40472,North Rhine-Westphalia,NW,177
Kottayam,686005,Kerala,KL,128
None,None,None,None,244
Petaling Jaya,46400,Selangor,10,136
Strangolagalli,3020,Latium,62,176
Quoc Oai,None,Hanoi,HN,133
Nowon-gu,1686,Seoul,11,125
Nadvirna,78405,Ivano-Frankivsk Oblast,26,179
Veszprém,8200,Veszprem megye,VE,199
Windsor,N8Y,Ontario,ON,210
Barranquilla,80011,Atlántico,ATL,167
Goose Creek,29445,South Carolina,SC,211
Karachi,12311,Sindh,SD,145
Oettingen in Bayern,86732,Bavaria,BY,177
Cranston,2920,Rhode Island,RI,211
Xieqiao,None,Jiangsu,JS,124
Nottingham,NG8,England,ENG,183
Ashford,TW15,England,ENG,183
Cavaleiros,7425-106,Portalegre,12,180
Sant Celoni,8470,Catalonia,CT,184
Västervik,593 34,Kalmar,H,187
Fayetteville,30215,Georgia,GA,211
Tobolsk,626150,Tyumen’ Oblast,TYU,185
San Antonio de Los Altos,None,Miranda,M,172
Cua,None,Miranda,M,172
Athens,None,Attica,I,207
Caracas,None,Distrito Federal,A,172
Perm,614990,Perm Krai,PER,185
Singapore,41,None,None,130
Ban Ko,62130,Kamphaeng Phet,62,131
Irkutsk,664017,Irkutsk Oblast,IRK,185
None,None,None,None,155
Cochranton,16314,Pennsylvania,PA,211
Quan Hau,None,Tinh Quang Binh,24,133
Norristown,19403,Pennsylvania,PA,211
Seri Kembangan,43300,Selangor,10,136
Alexandria,None,Alexandria,ALX,224
Grasse,6130,Provence-Alpes-Côte dAzur,PAC,175
Abidjan,None,Abidjan,AB,232
Feldkirch,6800,Vorarlberg,8,202
Xinyang,None,Henan,HA,124
Orenburg,460001,Orenburg Oblast,ORE,185
Miami,33179,Florida,FL,211
Culin,38300,Auvergne-Rhone-Alpes,ARA,175
Cherepovets,162600,Vologda Oblast,VLG,185
None,None,None,None,136
Oeiras,2780-000,Lisbon,11,180
Yangon,None,Rangoon,6,160
Cuiabá,78000,Mato Grosso,MT,166
Paris,75003,Île-de-France,IDF,175
Austin,78738,Texas,TX,211
Vinh Long,None,Tinh Binh GJinh,31,133
None,None,None,None,245
Cheboksary,428000,Chuvashia,CU,185
Pau,64000,Nouvelle-Aquitaine,NAQ,175
Chennai,600042,Tamil Nadu,TN,128
Budapest,1027,Budapest,BU,199
Salerno,84121,Campania,72,176
Brussels,1000,Brussels Capital,BRU,189
Sunnyside,98944,Washington,WA,211
Artëm,692750,Primorskiy (Maritime) Kray,PRI,185
Moncion,None,Provincia de Santiago Rodriguez,26,215
Xinmin,None,Liaoning,LN,124
Dosquebradas,None,Departamento del Valle del Cauca,VAC,167
Moscow,105043,Moscow,MOW,185
Cape Town,7405,Western Cape,WC,221
Yorba Linda,92886,California,CA,211
Kingston,None,Kingston,1,220
Coquimbo,None,Coquimbo Region,CO,168
Chihuahua City,31183,Chihuahua,CHH,214
Sadao,90120,Songkhla,90,131
Tuy Hoa,None,Tinh Phu Yen,32,133
Banda Aceh,None,Aceh,AC,132
Vinh,None,Tinh Nghe An,22,133
Banyumas,None,Central Java,JT,132
Virginia Beach,23456,Virginia,VA,211
Granada,18012,Andalusia,AN,184
Sterling,61081,Illinois,IL,211
Almaty,None,Almaty,ALA,148
Salò,25087,Lombardy,25,176
Cavite City,4100,Calabarzon,40,126
Pattoki,55300,Punjab,PB,145
Zapopan,45010,Jalisco,JAL,214
Shah Alam,40000,Selangor,10,136
Murmansk,183040,Murmansk,MUR,185
Indore,452007,Madhya Pradesh,MP,128
Thuan An,None,Tinh Quang Nam,27,133
Seogwipo,63591,Jeju-do,49,125
Jombang,None,East Java,JI,132
Belém,66000,Para,PA,166
Cuernavaca,62370,Morelos,MOR,214
Buenaventura,764501,Departamento del Valle del Cauca,VAC,167
None,None,None,None,203
Karlstad,654 60,Värmland County,S,187
Krasnoyarsk,660000,Krasnoyarskiy Kray,KYA,185
None,None,None,None,252
Auckland,1010,Auckland,AUK,251
Poza Rica de Hidalgo,93310,Veracruz,VER,214
Capivari,13360,Sao Paulo,SP,166
Can Tho,None,Can Tho,CT,133
Geumcheon-gu,8620,Seoul,11,125
Mumbai,400072,Maharashtra,MH,128
Manchester,M27,England,ENG,183
Valenzuela,1551,Metro Manila,0,126
Kolkata,700059,West Bengal,WB,128
Makati City,1212,Metro Manila,0,126
Yogyakarta,None,Yogyakarta,YO,132
Mulege,23900,Baja California Sur,BCS,214
Indore,452016,Madhya Pradesh,MP,128
Quan Phu Nhuan,None,Ho Chi Minh,SG,133
Puducherry,605007,Union Territory of Puducherry,PY,128
Lusciano,81030,Campania,72,176
Reus,43205,Catalonia,CT,184
Toluca,50017,México,MEX,214
Dhaka,1205,Dhaka Division,C,141
Delhi,110006,National Capital Territory of Delhi,DL,128
Dashiqiao,None,Liaoning,LN,124
Ambala,133001,Haryana,HR,128
Kuala Lumpur,50250,Kuala Lumpur,14,136
Málaga,29001,Andalusia,AN,184
Dhule,402303,Maharashtra,MH,128
Kawagoe,350-0041,Saitama,11,129
Pleiku,None,Gia Lai,30,133
Tromello,27020,Lombardy,25,176
Catignano,65011,Abruzzo,65,176
Thodupuzha,685605,Kerala,KL,128
Marseille,13006,Provence-Alpes-Côte dAzur,PAC,175
Bridgeport,76426,Texas,TX,211
Baileyville,61007,Illinois,IL,211
Marusino,630512,Novosibirsk Oblast,NVS,185
Lublin,20-083,Lublin,6,178
Skopje,1000,None,None,208
Singapore,7,None,None,130
Pinggu,None,Beijing,BJ,124
Lavallette,8735,New Jersey,NJ,211
Uppsala,741 74,Uppsala County,C,187
Caxias do Sul,None,Rio Grande do Sul,RS,166
Ha Tinh,None,Tinh Ha Tinh,23,133
Jiangjun,None,Anhui,AH,124
Zion,60099,Illinois,IL,211
Pingdu,None,Shandong,SD,124
Cumming,30040,Georgia,GA,211
Gangseo-gu,7799,Seoul,11,125
None,None,Shandong,SD,124
Fourways,2055,Gauteng,GP,221
Gunpo,15870,Gyeonggi-do,41,125
Xiping,None,Gansu,GS,124
Oslo,10,Oslo County,3,200
Veliky Novgorod,173007,Novgorod Oblast,NGR,185
None,None,None,None,161
Harare,None,Harare,HA,239
Dallas,97338,Oregon,OR,211
Milan,20141,Lombardy,25,176
Olathe,66062,Kansas,KS,211
Petaluma,94952,California,CA,211
San Antonio,78212,Texas,TX,211
Udon Thani,41000,Udon Thani,41,131
Budapest,1188,Budapest,BU,199
None,None,None,None,207
None,None,Auvergne-Rhone-Alpes,ARA,175
Kansk,663605,Krasnoyarskiy Kray,KYA,185
Gujrat,23350,Punjab,PB,145
Moga,142042,Punjab,PB,128
Nilambur,679329,Kerala,KL,128
Vinnytsia,21012,Vinnytsya Oblast,5,179
Kolkata,700047,West Bengal,WB,128
St Petersburg,190000,St.-Petersburg,SPE,185
Fengling,None,Fujian,FJ,124
Duji,None,Anhui,AH,124
Barnaul,656004,Altai Krai,ALT,185
Pretoria,183,Gauteng,GP,221
Seattle,98121,Washington,WA,211
Santana do Livramento,97570,Rio Grande do Sul,RS,166
Lopburi,15000,Lopburi,16,131
Da Lat,None,Tinh Lam GJong,35,133
Barrio Bicentenario,None,Guárico,J,172
Istanbul,34120,Istanbul,34,149
Madrid,28031,Madrid,MD,184
Plano,75093,Texas,TX,211
Guadalajara,44900,Jalisco,JAL,214
Vigo,36210,Galicia,GA,184
College Grove,37046,Tennessee,TN,211
Barqueros,30179,Murcia,MC,184
Lund,224 71,Skåne County,M,187
Songpa-dong,5670,Seoul,11,125
Samut Sakhon,74000,Samut Sakhon,74,131
London,HA2,England,ENG,183
Fortaleza,60000,Ceara,CE,166
Nam Định,None,Tinh Nam GJinh,67,133
Seongdong-gu,4743,Seoul,11,125
Katwijk,2222,South Holland,ZH,182
Sawahlunto,None,West Sumatra,SB,132
Salem,636007,Tamil Nadu,TN,128
Saint-Lager-Bressac,7210,Auvergne-Rhone-Alpes,ARA,175
Vozvyshenka,None,North Kazakhstan,SEV,148
Turate,22078,Lombardy,25,176
Springfield,65804,Missouri,MO,211
Tiaong,4325,Calabarzon,40,126
Croydon,CR0,England,ENG,183
Laval,H7L,Quebec,QC,210
None,None,Jilin,JL,124
Kobryn,225860,Brest,BR,198
None,None,None,None,215
Budapest,1147,Budapest,BU,199
San Miguel,1100,Central Luzon,3,126
Bhubaneswar,752118,Odisha,OR,128
Bhavnagar,364002,Gujarat,GJ,128
Surrey,V4A,British Columbia,BC,210
Malmo,200 03,Skåne County,M,187
Owerri,None,Imo State,IM,231
Arkhangelsk,163515,Arkhangelskaya,ARK,185
Pontianak,None,West Kalimantan,KB,132
Edmonton,T6C,Alberta,AB,210
Chau Thanh,None,Tinh Tra Vinh,51,133
General Escobedo,66064,Nuevo León,NLE,214
Surat,395007,Gujarat,GJ,128
None,10210,Phra Nakhon Si Ayutthaya,14,131
Heraklion,None,Crete,M,207
Ko Samui,84140,Surat Thani,84,131
Bangkok,12150,Bangkok,10,131
Chennai,600041,Tamil Nadu,TN,128
Mykolayiv,54025,Mykolayiv Oblast,48,179
Dhaka,1209,Dhaka Division,C,141
Khemisset,None,Rabat-Sale-Kenitra,4,227
Tremblay-en-France,93290,Île-de-France,IDF,175
Campo Mourao,87300,Parana,PR,166
Tanta,None,Gharbia,GH,224
None,None,None,None,148
None,None,None,None,198
Chandigarh,160019,Chandigarh,CH,128
Malacca,75500,Melaka,4,136
St Petersburg,190121,St.-Petersburg,SPE,185
Coimbra,3000-408,Coimbra,6,180
Jaipur,302012,Rajasthan,RJ,128
Mogadishu,None,Banaadir,BN,246
Ningde,None,Fujian,FJ,124
None,None,None,None,247
Meyrin,1217,Geneva,GE,188
Saugus,1906,Massachusetts,MA,211
Barra de Sao Miguel,57180,Alagoas,AL,166
None,None,None,None,160
Tyumen,625000,Tyumen’ Oblast,TYU,185
Mangalore,575013,Karnataka,KA,128
Colina,None,Santiago Metropolitan,RM,168
None,None,None,None,248
Rheine,48431,North Rhine-Westphalia,NW,177
Dhaka,1212,Dhaka Division,C,141
Phnom Penh,None,Phnom Penh,12,154
Melbourne,3000,Victoria,VIC,250
Klaten,None,Central Java,JT,132
Cape Town,7975,Western Cape,WC,221
Lynchburg,24502,Virginia,VA,211
Mostar,None,Federation of B&H,BIH,209
Meiganga,None,Adamaoua Region,AD,241
None,None,None,None,146
Calodyne,None,Riviere du Rempart District,RR,234
Istanbul,34010,Istanbul,34,149
San Jose,95129,California,CA,211
Igoumenitsa,None,Epirus,D,207
Hachioji,192-0031,Saitama,11,129
Tyumen,625048,Tyumen’ Oblast,TYU,185
Irapuato,36660,Guanajuato,GUA,214
Zorawina,55-020,Lower Silesia,2,178
Kuala Lumpur,55100,Kuala Lumpur,14,136
Hutuo,None,Henan,HA,124
Lucknow,226301,Uttar Pradesh,UP,128
Jambusar,392150,Gujarat,GJ,128
Pasto,520001,Departamento de Narino,NAR,167
Colombo,83400,Parana,PR,166
Aytre,17440,Nouvelle-Aquitaine,NAQ,175
None,None,None,None,174
Bogor,None,West Java,JB,132
Uthai Thani,61000,Uthai Thani,61,131
Depok,None,West Java,JB,132
Baiyangzhai,None,Shaanxi,SN,124
Nizhniy Novgorod,603035,Nizhny Novgorod Oblast,NIZ,185
Xuhui,None,Shanghai,SH,124
Villa Giardino,5176,Cordoba,X,169
Rio Tinto,4435-110,Porto,13,180
Semey,None,East Kazakhstan,VOS,148
Khun Han,33150,Si Sa Ket,33,131
Al Musayyib,None,Muhafazat Babil,BB,162
Pa Sang,51120,Lamphun,51,131
Turin,10122,Piedmont,21,176
Toledo City,6038,Central Visayas,7,126
None,None,Maharashtra,MH,128
Gia Lam,None,Hanoi,HN,133
Khu Pho Tam,None,Tinh Binh Duong,57,133
None,None,None,None,249
Lijnden,1175,North Holland,NH,182
Alpharetta,30004,Georgia,GA,211
Sao Roque,18130,Sao Paulo,SP,166
Murcia,30009,Murcia,MC,184
Batesville,38606,Mississippi,MS,211
Jijelli,18000,Jijel,18,226
Thu Dau Mot,None,Tinh Binh Duong,57,133
Florence,50141,Tuscany,52,176
Falun,791 46,Dalarna County,W,187
None,None,None,None,204
Budapest,1047,Budapest,BU,199
São João del Rei,36300,Minas Gerais,MG,166
College Station,77845,Texas,TX,211
Cuautla,62744,Morelos,MOR,214
Modena,41100,Emilia-Romagna,45,176
Ap Sai Gon,None,Tinh Soc Trang,52,133
Kostroma,156000,Kostroma Oblast,KOS,185
Trabzon,61000,Trabzon,61,149
Maceió,57000,Alagoas,AL,166
Paris,93200,Île-de-France,IDF,175
Toronto,M3H,Ontario,ON,210
Cayambe,None,Provincia de Pichincha,P,165
Jilin City,None,Jilin,JL,124
Singapore,54,None,None,130
None,None,None,None,193
Rottweil,78628,Baden-Württemberg,BW,177
Manama,None,Manama,13,163
Ibitinga,14940,Sao Paulo,SP,166
Berlin,12157,Land Berlin,BE,177
Drammen,3040,Viken,30,200
Burton-on-Trent,DE14,England,ENG,183
Los Angeles,90019,California,CA,211
Valencia,46184,Valencia,VC,184
Itauna,35680,Minas Gerais,MG,166
Smithfield,15478,Pennsylvania,PA,211
Wellington,6021,Wellington,WGN,251
Mogi Guacu,13840,Sao Paulo,SP,166
Brentwood,37027,Tennessee,TN,211
None,28046,North Chungcheong,43,125
Natrona Heights,15065,Pennsylvania,PA,211
Kroczyce,42-425,Silesia,24,178
Beilou,None,Hebei,HE,124
Maldonado,20000,Maldonado,MA,170
Tan Phu Hai,None,Tinh GJong Thap,45,133
Moscow,127055,Moscow,MOW,185
Almería,4001,Andalusia,AN,184
Fort Erie,L2A,Ontario,ON,210
Dusnok,6353,Bács-Kiskun,BK,199
None,None,None,None,164
Warsaw,02-495,Mazovia,14,178
Miami,33175,Florida,FL,211
São José dos Pinhais,None,Parana,PR,166
Berlin,12529,Land Berlin,BE,177
Xining,None,Qinghai,QH,124
Tallahassee,32303,Florida,FL,211
Royal Tunbridge Wells,TN1,England,ENG,183
Santiago de Cali,760033,Departamento del Valle del Cauca,VAC,167
Bishkek,None,Gorod Bishkek,GB,143
Caldas Novas,75690,Goias,GO,166
Gubkin,309180,Belgorod Oblast,BEL,185
Warsaw,03-287,Mazovia,14,178
Denver,80233,Colorado,CO,211
Vilnius,1213,Vilnius,VL,181
Quanzhou,None,Fujian,FJ,124
Dos de Mayo,3364,Misiones,N,169
Sopela,48600,Basque Country,PV,184
Hrodna,230000,Grodnenskaya,HR,198
